review_date,review_text,review_rate,review_hotel,review_source
2024-01-22,老飯店…交通方便..沒有停車空間..需要停外面一天360,,台北凱撒大飯店,Agoda
2024-01-17,有機會，會再去住的❗️,10.0,台北凱撒大飯店,Agoda
2024-01-11,我愛這次旅行的意義,10.0,台北凱撒大飯店,Agoda
2024-01-08,地點很方便,,台北凱撒大飯店,Agoda
2023-12-31,欺騙客人： 12月24日再次入住，原本訂了兩間房間各面積大概330平方呎，丈夫先上房後發現房間面積小了很多，本人於是到櫃檯查問原因，大堂經理告知，房間是新裝修的，因此，雖然房間面積是細了，其實是升級了我們的房間。大堂經理着本人先上房間看清楚。本人親身上房間看清楚後發現房間並不是裝修裝修，並且牆身發霉，根本不能住人。黴菌會影響身體健康。 嚴重安全問題 好不容易安排了新房間，但是門鎖竟然是壞的，不用門卡也可以隨意打開房門；而且，門的橫栓門鎖是完全斷裂的。房間可以說是門戶大開，任人隨意出入。,,台北凱撒大飯店,Agoda
2023-12-31,欺騙客人： 12月24日再次入住，原本訂了兩間房間各面積大概330平方呎，丈夫先上房後發現房間面積小了很多，本人於是到櫃檯查問原因，大堂經理告知，房間是新裝修的，因此，雖然房間面積是細了，其實是升級了我們的房間。大堂經理着本人先上房間看清楚。本人親身上房間看清楚後發現房間並不是裝修裝修，並且牆身發霉，根本不能住人。黴菌會影響身體健康。 嚴重安全問題 好不容易安排了新房間，但是門鎖竟然是壞的，不用門卡也可以隨意打開房門；而且，門的橫栓門鎖是完全斷裂的。房間可以說是門戶大開，任人隨意出入。,,台北凱撒大飯店,Agoda
2023-12-29,位置很棒，B1直接連接台北車站，搭捷運/火車/高鐵都非常方便。飲水機位置位於健身房內，但健身房晚上10點就關門了，之後就無法裝水，滿不方便的，除此之外一切都好。推薦一定要到頂樓的花園走走，可以眺望到台北市的風景。,,台北凱撒大飯店,Agoda
2023-12-29,perfect,10.0,台北凱撒大飯店,Agoda
2023-12-27,位置很棒、員工服務好 可惜早餐部分雖品項眾多 但口味略為普通 價格尚算合宜,,台北凱撒大飯店,Agoda
2023-12-27,這間飯店的性價比高，位置絕佳，就在台北車站對面，員工表現良好，客房整潔，熱水供應穩定，步行便利度高，附近有許多餐廳和商店，衞浴設施完善，提供了舒適的住宿環境，是滿意的住宿體驗。,,台北凱撒大飯店,Agoda
2023-12-26,一間位置十分方便的住宿飯店，其設施雖有些微追不上現今的科技感，但都不影響其優越地位。來臺灣台北是最佳的住宿選擇。我一定會再次入住，我亦會極力推薦給朋友、同事、合伙人等的。,,台北凱撒大飯店,Agoda
2023-12-25,因為座落地點位置很好。所以購物方便。 因為有名ㄑㄧ,10.0,台北凱撒大飯店,Agoda
2023-12-20,交通便利~性價比佳~員工客氣有禮~,,台北凱撒大飯店,Agoda
2023-12-19,乾淨方便,,台北凱撒大飯店,Agoda
2023-12-12,地點可以乘坐高鐵、台鐵、捷運和往返機場 附近有地下街、大型日式百貨超級市場、便利店、食店 感謝飯台安排升級房型，房間寬敞、採光度高、整潔,,台北凱撒大飯店,Agoda
2023-12-01,下次有機會還會再訂,10.0,台北凱撒大飯店,Agoda
2023-11-25,Rooftop Garden brings you peace and joy!,10.0,台北凱撒大飯店,Agoda
2023-11-06,"與捷運台北車站M6出口相通, 非常方便~ 房間雖然不大但是應有盡有, Check-out 時間是12:00也非常友善, 推薦給帶長輩或是商務旅行的住客",,台北凱撒大飯店,Agoda
2023-11-04,房間乾淨 因為鄰近台北車站故交通方便,10.0,台北凱撒大飯店,Agoda
2023-11-03,清潔舒適,10.0,台北凱撒大飯店,Agoda
2023-11-02,如果能把霉味清理到，那就太棒了,,台北凱撒大飯店,Agoda
2023-11-01,服務人員都很親切 寄放行李🧳有小卡登記 方便提取 親切教導使用房卡搭電梯 行李箱進電梯不方便時也會幫忙協助 之後住宿首選💕💕💕,10.0,台北凱撒大飯店,Agoda
2023-10-30,各種服務都非常完善，服務人員素質都很高，許多問題都能夠及時解決。,10.0,台北凱撒大飯店,Agoda
2023-10-30,設施太老舊～牆面壁紙都捲曲髒污，浴缸斑駁發霉嚴重！！,,台北凱撒大飯店,Agoda
2023-10-26,雖然房間有點歲月，但front desk及清潔阿姨十分有善，房間及公共空間都很乾淨，而且地點十分方便，有機會一定會再度光臨。,10.0,台北凱撒大飯店,Agoda
2023-10-25,我不知道該怎麼評論，但是體質比較敏感的人千萬不要住,,台北凱撒大飯店,Agoda
2023-10-23,台北凱撒位置在台北火車站對面，去吃飯逛街都很方便！可是房間衛生不太好，一進廁所尿騷味超級重，浴缸旁邊也是很多黴菌！早餐時間食物選擇不多，有些食物空了，補餐也很慢！以一晚7500的房價，除了精華地段以外，其餘真的沒有7500元的價值！,,台北凱撒大飯店,Agoda
2023-10-23,"It is right next to Taipei train station, high speed train station, MRT and close to the airport express. I can basically get on any of these public transport using the underground pathway. Facility a bit old and wall is quite thin so can hear the TV sounds or people talking next door. Staffs are generally friendly except for a few who may be just happened in a bad mood. Lots or shop and eatery around.",,台北凱撒大飯店,Agoda
2023-10-22,服務人員態度非常良好，房間浴室整潔，設施良好！唯一美中不足的是，浴室滾桶式衛生紙，放在盒子裡，不好提取，一拿就斷。又要重新翻開盒子拿取，衛生勘慮。,10.0,台北凱撒大飯店,Agoda
2023-10-21,浴缸漏水,,台北凱撒大飯店,Agoda
2023-10-17,位於台北車站前方，交通十分方便。四週有很多美食可挑選，生活機能絕佳。飯店乾淨，價位合理。,,台北凱撒大飯店,Agoda
2023-10-13,飯店服務超好 臨火車站高鐵站 位置超優,,台北凱撒大飯店,Agoda
2023-10-13,地點方便，雖設施稍老舊，但房間大。櫃檯人員需加強訓練，人不少，辦理速度卻有點慢,,台北凱撒大飯店,Agoda
2023-10-12,Good,,台北凱撒大飯店,Agoda
2023-10-12,地點真的很方便，櫃檯人員服務也好，加上價錢不貴，很適合出差入住,,台北凱撒大飯店,Agoda
2023-10-12,服務優，但就是貴了點,,台北凱撒大飯店,Agoda
2023-10-11,除了交通便利，其他無一可取,,台北凱撒大飯店,Agoda
2023-10-08,只是隔音偏差,,台北凱撒大飯店,Agoda
2023-10-06,"Very convenient location, direct connection to MRT,",,台北凱撒大飯店,Agoda
2023-10-05,交通非常便利 整體整潔,10.0,台北凱撒大飯店,Agoda
2023-09-30,.,10.0,台北凱撒大飯店,Agoda
2023-09-28,雖然大樓老舊但仍然維持整潔乾淨，設備中規中矩。 在台北火車站對面交通方便，鄰近捷運站出口但該出口沒有電扶梯只有樓梯，帶行李的人要考慮從別的出口出入。,,台北凱撒大飯店,Agoda
2023-09-27,"這麼負有盛名的飯店, 位置絕佳，但是設備等級沒有升級，環境設備老舊就算了，電視壞掉、衛浴清潔要加強，牆壁，洗手台發霉久未清潔，令人感到辜負飯店盛名，也對不起國外觀光客到訪的旅遊心情",,台北凱撒大飯店,Agoda
2023-09-15,"Good location, lots of good restaurant near by, 5 min walk to MRT, HSR, Train station, but the facilities feel old",,台北凱撒大飯店,Agoda
2023-09-15,"Good location, lots of good restaurant near by, 5 min walk to MRT, HSR, Train station, but the facilities feel old",,台北凱撒大飯店,Agoda
2023-09-15,"Good location, lots of good restaurant near by, 5 min walk to MRT, HSR, Train station, but the facilities feel old",,台北凱撒大飯店,Agoda
2023-09-05,地點超級棒👍,10.0,台北凱撒大飯店,Agoda
2023-09-04,房間清潔度不夠好，浴缸排水系統不順，服務人員服務尚待加強。,,台北凱撒大飯店,Agoda
2023-09-04,一個不愉快經驗,,台北凱撒大飯店,Agoda
2023-09-04,隔音很差，半夜都還聽得到隔壁聊天吵雜聲,,台北凱撒大飯店,Agoda
2023-08-30,多次入住，空間大，地點方便,10.0,台北凱撒大飯店,Agoda
2023-08-30,空間舒適、隔音好,10.0,台北凱撒大飯店,Agoda
2023-08-28,地點不錯！,,台北凱撒大飯店,Agoda
2023-08-25,訂的是市景房，check in給的房型並沒有市景可看，飯店也沒有主動要幫我換房型，還是我自己主動要求，才說有只剩另外一間但是是2張單人床，小孩子不想要睡單人床，所以就沒有換，這樣子是欺騙的行爲,,台北凱撒大飯店,Agoda
2023-08-24,位置交通便利，住宿品質超優，餐食供應多元,,台北凱撒大飯店,Agoda
2023-08-23,房間內部硬體維護的很好，也很寬敞，但飯店人員服務態度非常差！,,台北凱撒大飯店,Agoda
2023-08-23,雖然是老飯店了但房間硬體維持的不錯，可惜的是服務人員素質真的很差,,台北凱撒大飯店,Agoda
2023-08-22,地點無話可說，但就是老飯店，還可以囉,,台北凱撒大飯店,Agoda
2023-08-21,"Not as good as expected,price is not cheaper,hair dryer is small and weak….",,台北凱撒大飯店,Agoda
2023-08-20,只求地點方便的話就沒什麼可挑剔了,,台北凱撒大飯店,Agoda
2023-08-19,冷氣非常夠力，開27度早上還是冷醒,10.0,台北凱撒大飯店,Agoda
2023-08-17,訂新裝修的房型結果給舊的。要打到前台才幫您換，禮賓部沒什麼禮貌相反前台會好很多。床單不像新換的住兩晚太太都有被東西咬,,台北凱撒大飯店,Agoda
2023-08-17,就是貴了一點，沒什麼問題。嚴格來說就是浴室的去水做得不太好，會積水。,,台北凱撒大飯店,Agoda
2023-08-16,"接住台北地鐵出口(但有幾級樓梯), 交通一流, 超方便, 而且包埋早餐, 選擇都算可以 裝修算不俗,天台還有花園 員工有禮貌,小朋友唔小心打爛玻璃杯,沒有怪責之餘仲問番小朋友有無受傷,值得再去",,台北凱撒大飯店,Agoda
2023-08-13,房間乾淨，地點一流,,台北凱撒大飯店,Agoda
2023-08-07,交通便利，服務態度非常好,10.0,台北凱撒大飯店,Agoda
2023-08-07,來台北首選。交通方便、房間很舒適、服務好，非常喜歡。從M6出口走一小段樓梯之後有電梯可以直達飯店，還是很方便的。一樓有星巴克，休息區也很舒適。出飯店的南陽街也有很多吃的，以後到台北也會住凱撒。,10.0,台北凱撒大飯店,Agoda
2023-08-06,地點方便，近靠捷運去機場也很快，浴室浴簾太短容易弄溼地上，怕滑倒，希望改善。員工服務熱心，有使用投幣洗衣，只有一台需注意。整體滿意，會再回去住！,,台北凱撒大飯店,Agoda
2023-08-06,下火車後，在捷運出口M6即可抵達，因為是北車的樞紐，所以到那都挺方便的，我們外出是使用捷運代步，所以覺得很便利。,10.0,台北凱撒大飯店,Agoda
2023-08-02,不錯，地理位置絕佳！捷運站無縫對接！下雨都沒有問題！環境衛生程度設施都很好！,,台北凱撒大飯店,Agoda
2023-08-01,五星飯店三星體驗,,台北凱撒大飯店,Agoda
2023-07-26,台北車站，與小朋友出行十分方便,,台北凱撒大飯店,Agoda
2023-07-25,位於市中心買東西很方便,,台北凱撒大飯店,Agoda
2023-07-23,交通非常方便，房內設施雖老舊，但環境整潔加分。,,台北凱撒大飯店,Agoda
2023-07-23,房間整潔，地理位置很好，下次會再訂此酒店。,,台北凱撒大飯店,Agoda
2023-07-18,房間嚴重發霉，例如天花，牆身，洗手間的枱面邊，門，浴缸邊，也有嚴重霉味，我們住了一晚，忍受不了，第二天要求換房，服務很好，從11 樓換到9樓，房間新裝修沒有發霉，我想是因為疫情三年冇人住，所以發霉，應該重新裝修後，才可以租給客人，這麼惡劣的房間不能租給客人！ 沖涼水很久很久才熱（大約十分鐘），水力很弱，要改善 早歺豐富，地點超棒，台北車站對面 ，服務員態度一流！,,台北凱撒大飯店,Agoda
2023-07-17,房 間 空間 大 設施多 員工親切,,台北凱撒大飯店,Agoda
2023-07-13,隔音超差 設施老舊 連吹風機都是壞掉的,,台北凱撒大飯店,Agoda
2023-07-11,再一次選擇會選較新的飯店,,台北凱撒大飯店,Agoda
2023-07-08,地點很方便，從桃園機場坐捷運可以直達酒店；到台北其他地點都很容易 到達！房間價格超價，下次可以再來,,台北凱撒大飯店,Agoda
2023-07-06,交通方便，客服都會盡量滿足顧客的需求。很贊，下次還會回來住。,,台北凱撒大飯店,Agoda
2023-07-04,飯店只有大廳乾淨舒適，還有地點優越交通方便。入住房間極其失望！浴室馬桶飄臭，浴室門板破舊，浴缸老舊，浴簾設計非常奇怪，洗澡水一定會溢出來。不敢相信這是一間台北市五星級飯店。,,台北凱撒大飯店,Agoda
2023-07-04,此房型的浴室沒有經過翻新，所以浴室很舊很細，浴缸去水非常慢，浴室地板也很污糟，完全不能夠接受。,,台北凱撒大飯店,Agoda
2023-07-03,不知道為何是五星級，最多三星。,,台北凱撒大飯店,Agoda
2023-07-03,交通便利でホテル周辺飲食店多い、良いホテルと思います。,,台北凱撒大飯店,Agoda
2023-06-28,交通便利,,台北凱撒大飯店,Agoda
2023-06-23,房燈只有床尾跟玄關才有，床頭就兩盞小燈。顯得房間比較暗。 而且房燈開關在玄關，而不是床頭，晚上睡覺要走到玄關關上，再上床。,,台北凱撒大飯店,Agoda
2023-06-19,有夠爛,,台北凱撒大飯店,Agoda
2023-06-18,地點位置佳及櫃檯人員服務都很好,,台北凱撒大飯店,Agoda
2023-06-07,近市區是優勢！設備普通！,,台北凱撒大飯店,Agoda
2023-06-06,距離市中心近，其他設施普通！,,台北凱撒大飯店,Agoda
2023-06-06,整體覺得很好，家人均十分滿意，無論房租或服務，尤其是地點極佳。唯獨洗手間內的浴缸邊及拉簾可以微調或更換，便十分理想。今次訂的兩間雙牀房並不包早餐，令家人可以在飯店附近選擇喜歡的食物也令房價更吸引。,,台北凱撒大飯店,Agoda
2023-06-05,對於有帶長輩入住的飯店設施，浴室沒有乾濕分離真的比較危險！其他服務尚可！,,台北凱撒大飯店,Agoda
2023-05-31,非常大的房間，很舒適，交通也很方便，家人讚不絕口。非常滿意。,10.0,台北凱撒大飯店,Agoda
2023-05-26,位置很方便，員工服務也很好，房間夠大，但設施和房間都看得出很有歷史有點殘舊，不過住得都幾舒服。,,台北凱撒大飯店,Agoda
2023-05-25,接待處等了10分鐘，也沒人說請稍待，只見櫃檯自顧自地忙到一個段落，才叫你過去辦入住,,台北凱撒大飯店,Agoda
2023-05-02,我近十年到台北必住凱撒大飯店，地點很好在台北車站上面，可惜2020年1月到台北，房間及設施已舊，三年後2023年回來，原來一直沒有裝修，很破舊，洗手間很糟，沒有保養。 在酒店大堂check in安排了兩張大床給我，洗手間很污糟，但我要求一張大床就可以。前堂服務員給我一張大床房，但洗手間是企浴，空間非常細。一切令我很失望。,,台北凱撒大飯店,Agoda
2023-04-19,交通方便，飲食方面，非常好的地段，下次還會再來。,,台北凱撒大飯店,Agoda
2023-04-16,非常方便環境極佳。,,台北凱撒大飯店,Agoda
2023-04-14,飯店地理位置非常好，如果搭乘大眾運輸工具很方便，用餐鄰近也都有好吃的！ 我覺得一樣是凱薩，台北的員工沒那麼熱情，但服務都還是很好的唷！ 然後沒有停車場，也沒有配合的，兩天一夜住下來停車費可以再住一晚了！ 對於嬰兒用品的提供也比較不友善一點，但這次入住有因為多了嬰兒隨行幫我升級四人房兩大床真的很感動！,,台北凱撒大飯店,Agoda
2023-04-08,五星級酒店當然有一定水準，房間整潔地理位置極佳。,,台北凱撒大飯店,Agoda
2023-04-07,交通方便，飲食方便。出入方便，好住處。,,台北凱撒大飯店,Agoda
2023-04-07,浴室舊舊的舊的,,台北凱撒大飯店,Agoda
2023-04-06,地點方便在北車附近，但設備老舊需要更新,,台北凱撒大飯店,Agoda
2023-04-04,位置極佳，餐飲方便，可步行至西門町、二二八紀念公園、𧗽陽路。火車站就在對面，可搭火車、捷運、客運車、高鐵，四通八達，十分方便。極力推薦，大家有機會來試試吧！,,台北凱撒大飯店,Agoda
2023-04-02,生活機能佳，購物，飲食，交通都方便,10.0,台北凱撒大飯店,Agoda
2023-04-01,地理位置絕佳，前台的工作人員漂亮專業，安排了開窗即視台北車站的風景，晚上看看來往的街景很不錯。酒店既然沒有停車，要停到馬路對面的幾個停車場自己做選擇，三天下來也1000多的停車費。房間不算大，但該有的都有，衛生程度有待提高，地面上頭髮隨處可見。,,台北凱撒大飯店,Agoda
2023-03-24,交通方便,10.0,台北凱撒大飯店,Agoda
2023-03-20,真好,10.0,台北凱撒大飯店,Agoda
2023-03-20,牙刷很會掉毛、吹風機是要一直按著的那種，這兩樣需要改進外，其他都有符合標準,,台北凱撒大飯店,Agoda
2023-03-18,還可以,,台北凱撒大飯店,Agoda
2023-03-18,還行的飯店,,台北凱撒大飯店,Agoda
2023-03-12,馬桶壞掉 沒有過夜 立即退房 飯店未做積極處理,,台北凱撒大飯店,Agoda
2023-03-10,房間老舊,,台北凱撒大飯店,Agoda
2023-03-07,台北車站有專門出口，真的很方便 因為是老字號飯店，設備稍舊 有打折後cp值較高,10.0,台北凱撒大飯店,Agoda
2023-03-05,這是第二次住宿，除了交通便利以外，房間空間也算大且乾淨舒適，是來台北會回住的選擇之一。,,台北凱撒大飯店,Agoda
2023-03-04,我愛我的他,10.0,台北凱撒大飯店,Agoda
2023-03-04,我愛我的他,,台北凱撒大飯店,Agoda
2023-03-04,我愛我的他,10.0,台北凱撒大飯店,Agoda
2023-03-04,我愛我的他,10.0,台北凱撒大飯店,Agoda
2023-02-27,地點佳，內裝佳，交通便利,10.0,台北凱撒大飯店,Agoda
2023-02-18,"舒服, 下次旅行會再入住",10.0,台北凱撒大飯店,Agoda
2023-02-16,房間實際大小與照片不太一樣，浴室老舊，淋浴時，水忽冷忽熱，冷氣無法調整，非常的熱,,台北凱撒大飯店,Agoda
2023-02-10,在網路上訂購所要求的都沒有做到大失所望啊！,,台北凱撒大飯店,Agoda
2023-02-03,缺點是設施舊，例如電視機沒有機頂盒，解像度極差。,,台北凱撒大飯店,Agoda
2023-02-02,位於台北車站正對面，交通非常便利，但飯店沒有提供停車場,,台北凱撒大飯店,Agoda
2023-02-01,很棒,10.0,台北凱撒大飯店,Agoda
2023-01-29,靠近北車、地點好,10.0,台北凱撒大飯店,Agoda
2023-01-29,地點處於市中心，週邊生活機能優，吃喝不成問題，飯店停車車位少，特約停車要自付停車費，不較覺得不方便，與沒有照顧到房客的地方。房間冷氣太冷，無法調溫，且中央空調噪音蠻大，怕噪音干擾的人，不容易入睡。,,台北凱撒大飯店,Agoda
2023-01-28,還不錯,10.0,台北凱撒大飯店,Agoda
2023-01-28,自助餐不錯。只是人潮多時要排隊入。😊,,台北凱撒大飯店,Agoda
2023-01-27,交通便利，週圍非常熱鬧，美食很多適合入住，服務人員態度佳，唯一稍嫌不足就是建築物設備老舊但感受得到有努力維持。,,台北凱撒大飯店,Agoda
2023-01-27,無,,台北凱撒大飯店,Agoda
2023-01-25,服務好,,台北凱撒大飯店,Agoda
2023-01-25,"飯店B1連通地下街, 是家有交通優勢的飯店, 只是此飯店沒有附停車位, 開車前往的話需要自行找停車位。 飯店設施中規中矩，有簡單的健身房、SPA服務及小型的空中花園。",,台北凱撒大飯店,Agoda
2023-01-22,太令人失望！號稱五星級飯店的停車場居然不開放，第一次遇到沒有停車場的五星飯店. 完全無法接受！太不可思議！ 太令人失望了！,,台北凱撒大飯店,Agoda
2023-01-15,"交通便利,但沒有停車場 外觀新穎,但浴廁陳年污漬",,台北凱撒大飯店,Agoda
2023-01-12,普普通通,,台北凱撒大飯店,Agoda
2023-01-08,大眾交通很方便 自行開車就不方便，畢竟台北車站寸土寸金,,台北凱撒大飯店,Agoda
2023-01-05,"先前已經住過數次,這一次是元旦連價住房,要check in 時只有看到常到不行的人龍,進房間後,清潔度是夠的,但是浴室的設施真的沒改善過(吹風機還是按住才能吹髮的那種),還有浴簾有股未乾的味道..身為5星級的飯店,真的好好改善.",,台北凱撒大飯店,Agoda
2023-01-04,電梯直達B1，就是捷運站，非常非常方便！,,台北凱撒大飯店,Agoda
2023-01-04,空間夠大 舒適,10.0,台北凱撒大飯店,Agoda
2023-01-03,台北車站旁，交通餐飲都很方便。房間設施不是最新穎但保持的還不錯，適合商務需求,,台北凱撒大飯店,Agoda
2023-01-03,"地理位置佳, 早餐也是標準的中式早餐, 但房間內部設施老舊, 馬桶浴缸都泛黃, 傳統的老式飯店",,台北凱撒大飯店,Agoda
2023-01-02,交通方便 服務好 很喜歡,10.0,台北凱撒大飯店,Agoda
2023-01-02,地點絕佳，房間很大很舒服,10.0,台北凱撒大飯店,Agoda
2022-12-31,房間有新的有舊的、舊的真的很經典但房間很大。浴室的浴缸很舊很舊而且是黃色的、床還是舒服而且房務員很有禮！飯店最棒的地方可以經B1層直接走到地下街、下雨搭捷運也全程室內直達。,,台北凱撒大飯店,Agoda
2022-12-29,以五星級酒店等級，房間ㄧ些基本浴袍/手提袋/電熨斗等都沒有,,台北凱撒大飯店,Agoda
2022-12-27,地點方便，捷運就有通道可直接通往飯店。,,台北凱撒大飯店,Agoda
2022-12-25,沒有停車場，旁邊有停車場需自付,,台北凱撒大飯店,Agoda
2022-12-21,很適合一家大小居住的地方…位置離台北車站很近…附近又有新光三越可逛…很棒…價格也不貴…,,台北凱撒大飯店,Agoda
2022-12-20,大門樓梯幫行李非常不方便,,台北凱撒大飯店,Agoda
2022-12-19,超級爛的房間，打掃的沒乾淨，房間有黴味，水瓶空了沒拿走換新。總之是ㄧ整個爛字形容,,台北凱撒大飯店,Agoda
2022-12-18,位置很好，交通方便。團客較多，中午提前辦理入住手續及下午三點領鑰匙時都要排隊。電玩畫質很差，頻道少。,,台北凱撒大飯店,Agoda
2022-12-18,我住13樓熱水忽冷忽熱很不行，飯店早餐還可以,,台北凱撒大飯店,Agoda
2022-12-18,位置非常便捷，搭乘大眾運輸很方便，服務人員也很親切友善，美中不足浴室略顯老舊，整體入住感受算是不錯的,,台北凱撒大飯店,Agoda
2022-12-17,這次是家庭旅行，提早訂房還標注，我要面向市景房完全不符合 後學請飯店拿兩件毛毯還也忘了給 等很久打第二次電話才送來 😓,,台北凱撒大飯店,Agoda
2022-12-16,房間很大、交通很方便，唯一缺點是Agoda 轉單出問題，飯店要你自行聯絡，額外花了好多時間跟agoda客服聯繫,,台北凱撒大飯店,Agoda
2022-12-12,在台北車站正對面，非常方便,,台北凱撒大飯店,Agoda
2022-12-11,進房的時候發現礦泉水竟然是打開的，而且已經被喝過，我們隱忍到第二天客房整理的時候留字條給他請他換，沒想到我們在回房的時候，竟然東西仍舊都沒有換，實在是太差糟糕了,,台北凱撒大飯店,Agoda
2022-12-10,地點是非常方便，就在台北車站對面。房間的浴室非常小。無法二人在同浴室裡。 非常不方便。,,台北凱撒大飯店,Agoda
2022-12-06,地點、早餐、服務都很好，但冷氣風量調整了，出風都一樣強，出風口怎麼調都會吹到臉上，只好關閉它，不然無法入睡。,,台北凱撒大飯店,Agoda
2022-12-06,地點好，室內算乾淨,,台北凱撒大飯店,Agoda
2022-12-05,如題，適合安靜唸書，攜伴更好因為空間很夠。可惜水果要檢查喔，奇異果下方有撞出一個洞（都發霉還是塞了白色物質，切掉再順著纖維走向挖掉一部分用湯匙吃了。（但太舒服的環境可能攜伴就從適合唸書變適合ab，然後隔天腳軟考砸)一定帶太太來住。,,台北凱撒大飯店,Agoda
2022-12-05,住宿位置很方便～早餐選項很多樣 只是熱水要等很久，而且水壓蠻不穩的,,台北凱撒大飯店,Agoda
2022-12-04,房間太小,,台北凱撒大飯店,Agoda
2022-12-03,位置方便下樓就是捷運公車,10.0,台北凱撒大飯店,Agoda
2022-11-30,位置超好，b1可通往捷運站，高鐵站，臺鐵和臺北車站。對面就是臺北車站。設備齊全。,10.0,台北凱撒大飯店,Agoda
2022-11-29,設備有點舊 雖然在台北車站黃金地段，但要是能重新裝潢惠更好些,,台北凱撒大飯店,Agoda
2022-11-20,櫃檯服務人員指引不清楚，態度不佳，處理房卡應變慢,,台北凱撒大飯店,Agoda
2022-11-20,交通無話可說，可以直接從捷運站其中一出口搭乘電梯到達房間，無需過馬路。 房間大小尚可，廁所很小，是站在浴缸淋浴的，房間有年代感。,,台北凱撒大飯店,Agoda
2022-11-19,飯店位置正對台北車站，交通方便，不論是捷運，公車，計程車。去很多景點都相當方便。 房間大，乾淨，雖在北車前交通繁忙但房間內還是很安靜。,,台北凱撒大飯店,Agoda
2022-11-19,美福,,台北凱撒大飯店,Agoda
2022-11-17,很多地方有蟲 感受上沒有很好,,台北凱撒大飯店,Agoda
2022-11-17,大廳明亮清新~但入住2人房的衛浴設備比較老舊且衛浴空間坪數很小~房內有拉皮過尚可簡約風,,台北凱撒大飯店,Agoda
2022-11-16,這次住宿雙人房飯店與房間環境都非常乾淨，工作人員服務態度極好，積極又熱心，非常滿意本次入住🥰交通也很便利，喜歡💕,10.0,台北凱撒大飯店,Agoda
2022-11-14,房間燈光少了點，空間很大,,台北凱撒大飯店,Agoda
2022-11-13,地點位於台北車站，太方便了。,10.0,台北凱撒大飯店,Agoda
2022-11-10,位置真的超好，而且有方向指示很容易找，辦理入住快速方便，床也很舒服。 唯一的缺點就是毛巾浴巾不太敢用，剛進去檢查時甚至發現頭髮。 不過除此之外都非常好，下次還會想要留宿的好地方,,台北凱撒大飯店,Agoda
2022-11-06,入住剛好碰到台北連續大雨，飯店位置不錯，連接地下道出口免去了開傘淋濕的狼狽模樣。 房間分配到連接房，隔音效果相對較差，半夜聽得到隔壁的電視聲，一大早又被對方的視訊電話吵醒。,,台北凱撒大飯店,Agoda
2022-11-03,剛好搶到優惠價格，入住時又升等，真的是很好的體驗及享受,10.0,台北凱撒大飯店,Agoda
2022-11-03,環境乾淨，附近交通方便,10.0,台北凱撒大飯店,Agoda
2022-10-30,地點一級棒，在M6出口 早餐也中規中舉的 來台北館前路上課，下課後走幾分鐘就到了,,台北凱撒大飯店,Agoda
2022-10-30,這次住宿的房間電視畫質真的很不好，很不清晰，還有吹風機也很老舊了，吹起來風量很小溫度卻很高，頭皮吹的很燙但頭髮還是吹不乾，這個真的有點影響住宿的感受！,,台北凱撒大飯店,Agoda
2022-10-29,地點位置超級好。但是停車超不方便。,,台北凱撒大飯店,Agoda
2022-10-24,一切都很不錯，但飯店沒有停車場，開車的遊客要再確認一下,,台北凱撒大飯店,Agoda
2022-10-19,離捷運站5分鐘的腳程，2000多一晚，服務人員很親切,,台北凱撒大飯店,Agoda
2022-10-18,服務、地理位置都很好， 床的軟硬度不會過軟也很棒， 不過房間本身可能是老飯店，所以設施老舊,,台北凱撒大飯店,Agoda
2022-10-17,"地點佳,提供早點服務! 推薦入住選項.",,台北凱撒大飯店,Agoda
2022-10-06,生日幫升等房型,,台北凱撒大飯店,Agoda
2022-10-04,對於背包客北部行程的住宿位置交通非常方便；有機會會再次入住,,台北凱撒大飯店,Agoda
2022-09-29,位在車站前，搭高鐵或火車直接地下街走到M6凱撒出口，再搭電梯到一樓就到飯店了！門口出來有公車站，班次也很多，交通非常方便。 一樓裝潢的很漂亮，樓上房間看得出來有整理過但品質就比較差 浴室壁面應該是直接附貼一塊塑膠壁板，洗手台、浴缸接縫處的矽利康嚴重發霉，整個浴室散發著微微尿騷味。達欣牌吹風機超級難用！每吹一分鐘就過熱要等五分鐘才能再吹一分鐘⋯ 然後整個飯店只有一個飲水機，隱身在六樓的健身房裡。 櫃檯服務都不錯，價錢便宜，就是硬體品質比較差。,,台北凱撒大飯店,Agoda
2022-09-27,預訂2人房，感謝幫忙升等4人房，但環境可能要再注意，進去要拿拖鞋，拖鞋上好幾隻蟑螂腳/檢查床鋪被單也有污漬/浴缸有黑色一點一點的感覺是發霉，一刷就掉但觀感不好，選擇亮點就交通非常便利,,台北凱撒大飯店,Agoda
2022-09-25,除了床頭的插座時有時無⋯其他的部分蠻好的，入住兩床房，空間很大，椅子很多（3張），床偏硬，枕頭是羽絨枕，一個太矮，兩個比較剛好（喜歡睡高枕）,,台北凱撒大飯店,Agoda
2022-09-24,地理位置絕佳，四通八達，用餐購物方便無比，員工態度親切，必定再次入住.,,台北凱撒大飯店,Agoda
2022-09-21,這次是住邊間格局比較不喜歡 但是早餐很不錯 服務人員都很有禮貌,,台北凱撒大飯店,Agoda
2022-09-21,地點在台北車站前面超方便，房間很大又舒服，缺點是熱水會忽冷忽熱、紅茶包是有苦味的錫蘭紅茶、洗手台洗手時水龍頭處會積水，其他都很舒服很棒，早餐餐廳的視野剛好可以看到火車站，雖然是有年代的飯店，但是很讚的是沒有霉味。,,台北凱撒大飯店,Agoda
2022-09-17,房卡與電梯感應不佳，老舊設施，房間水量非常小，大廳氣派，進房才知道是災難開始,,台北凱撒大飯店,Agoda
2022-09-15,以為會有老飯店的味道 乾淨舒服 工作人員很nice 有機會會再來,10.0,台北凱撒大飯店,Agoda
2022-09-08,地點超方便,10.0,台北凱撒大飯店,Agoda
2022-09-03,交通方便（台北車站正對面） 房間整潔.舒適.空間適中,,台北凱撒大飯店,Agoda
2022-08-25,房間第一印象不錯，很整潔，空間也夠大。床算是好睡，疫情期間沒有提供睡袍，需自備。浴室熱水太小，洗澡體驗不佳。 訂房時加購早餐，入住時櫃檯告知疫情期間採套餐制，每人可點台式、日式、西式其中之一，有簡易的飲料吧與沙拉吧、麵包兩種可自取。個人覺得對早餐不滿意，沒有加購的價值。,,台北凱撒大飯店,Agoda
2022-08-23,半夜一點以後天花板開始有一些莫名的噪音，一直持續到三點多才結束，不知道是我那間剛好有還是其他間也會。,10.0,台北凱撒大飯店,Agoda
2022-07-14,衛生要加強！,,台北凱撒大飯店,Agoda
2021-12-29,新婚之夜，在這邊忙卸妝跟好好放鬆一下：） 整潔度很夠，化妝鏡很棒,,台北凱撒大飯店,Agoda
2021-12-19,讚,10.0,台北凱撒大飯店,Agoda
2021-12-19,讚,10.0,台北凱撒大飯店,Agoda
2021-12-14,北車對面交通便利~,,台北凱撒大飯店,Agoda
2021-12-06,離捷運站近很方便,10.0,台北凱撒大飯店,Agoda
2021-12-04,整體很滿意,,台北凱撒大飯店,Agoda
2021-11-15,在北車旁邊而已，位於交通樞紐，去哪都方便 西門、中山、東區,,台北凱撒大飯店,Agoda
2021-11-08,位置方便，適合出差住宿,,台北凱撒大飯店,Agoda
2021-10-27,"座落在鬧區,交通方便,三鐵共站,想去哪裡玩都很方便,早餐好吃,很舒適,感謝讓我們留下美好回憶",10.0,台北凱撒大飯店,Agoda
2021-10-24,不錯,,台北凱撒大飯店,Agoda
2021-10-17,沒住過這麼髒的飯店,,台北凱撒大飯店,Agoda
2021-10-03,讚,10.0,台北凱撒大飯店,Agoda
2021-09-30,這次升等新裝潢的房間 空間大 沒有之前的壓迫感 但是.... 浴室的門鎖似乎無法對準上鎖 浴室地板改採磁磚易滑倒,,台北凱撒大飯店,Agoda
2021-09-27,櫃台人員服務好，房間也不錯。,,台北凱撒大飯店,Agoda
2021-09-27,辦理入住有點慢，但櫃台人員服務很好，我們也很滿意房間，位在台北市中心交通很便利,,台北凱撒大飯店,Agoda
2021-09-24,棒,10.0,台北凱撒大飯店,Agoda
2021-09-20,房間一班班 但是 樓上的小花園很美 設備較老舊 能使用 但總體來說 地點很好 很方便,,台北凱撒大飯店,Agoda
2021-09-16,交通方便的住宿點，搭乘火車捷運高鐵都很方便，走到知名的寧夏夜市不遠。早餐好吃，有鮮嫩的現燙牛肉湯，房間整潔新穎，很棒的住宿經驗。,10.0,台北凱撒大飯店,Agoda
2021-09-12,位置佳房間多樣,,台北凱撒大飯店,Agoda
2021-08-28,台北車站對面，地點極佳的星級飯店，推薦！,,台北凱撒大飯店,Agoda
2021-08-26,除了空中花園及健身房不推，其他都是滿點。,,台北凱撒大飯店,Agoda
2021-08-22,櫃臺服務態度不錯，房間的環境整潔也在水準之上，最讓我為之驚艷的是他們提供的早餐。餐點豐富，一點都不馬虎，居然還有溫體牛肉湯。雖然服務生的人數並不足夠但一點都不影響用餐的完整性。,10.0,台北凱撒大飯店,Agoda
2021-08-22,位置很方便進出，難怪後來變防疫旅館,,台北凱撒大飯店,Agoda
2021-07-30,CP值高，且交通方便,,台北凱撒大飯店,Agoda
2021-07-30,CP值高，且交通方便,,台北凱撒大飯店,Agoda
2021-07-14,會再選擇入住並推薦給親朋的飯店,10.0,台北凱撒大飯店,Agoda
2021-07-14,交通非常便捷(捷運台北車站出站步行5分鐘內可到) 住宿價錢很親民 早餐自助吧不錯吃(非疫情期間時入住),,台北凱撒大飯店,Agoda
2021-06-20,隔音不好，浴室殘留毛髮多,,台北凱撒大飯店,Agoda
2021-06-16,地點優，靠近台北車站，捷運出口可以相通到達,,台北凱撒大飯店,Agoda
2021-05-25,雖然沒有含早餐，但星期六入住，以不到2000的價格，非常划算的。,,台北凱撒大飯店,Agoda
2021-05-16,三鐵共構~去哪都方便,10.0,台北凱撒大飯店,Agoda
2021-05-15,很棒的飯店,10.0,台北凱撒大飯店,Agoda
2021-05-12,讚,,台北凱撒大飯店,Agoda
2021-05-11,乾淨整潔舒適安全,10.0,台北凱撒大飯店,Agoda
2021-05-10,適合去台北各景點,,台北凱撒大飯店,Agoda
2021-05-09,AAAAAAAAAAAAAAAAAAAA+++++++++++++++++++++++++++++++++++++++++++,10.0,台北凱撒大飯店,Agoda
2021-05-09,很棒,10.0,台北凱撒大飯店,Agoda
2021-05-08,員工服務都很棒,10.0,台北凱撒大飯店,Agoda
2021-05-08,"飯店員工服務很好,房間也乾淨舒適,出門遇到房務,有告知續住不用再整理,但房務仍說那就幫你們清一下垃垃,不用怕痳煩啦,回房時連床單都鋪的乾乾淨淨了,好員工一個",10.0,台北凱撒大飯店,Agoda
2021-05-06,方便的好地方,,台北凱撒大飯店,Agoda
2021-05-06,房間住起來很舒服 但浴室熱水很小 停車場人員幫忙牽車出來的時候 竟然用手動去扳照後鏡 這令人非常生氣,10.0,台北凱撒大飯店,Agoda
2021-05-04,房間感覺溫馨舒適，住宿的好選擇。,,台北凱撒大飯店,Agoda
2021-05-03,覺得健身房器材很少，有點小失望😳😳 但服務人員態度非常好！,,台北凱撒大飯店,Agoda
2021-05-02,從台北車站走地下街到M6出口就是飯店，非常方便，房間乾淨舒適，早餐多種選擇又美味，下次到台北會願意再入住的地方！,10.0,台北凱撒大飯店,Agoda
2021-05-02,性價比很高，地點鄰近火車站非常方便。房間舒適，員工友善，早餐好吃，唯一缺點是洗澡水忽冷忽熱，但還可以接受。,,台北凱撒大飯店,Agoda
2021-04-29,住宿感覺不錯 像是回到家一樣!會再推薦給好友,,台北凱撒大飯店,Agoda
2021-04-28,台北火車站對面，交通方便,,台北凱撒大飯店,Agoda
2021-04-27,對於房間的清潔度真得不敢恭維，一進房間就發現地毯還有沒清乾淨的碎屑，清潔度很差，連休閒桌上都還有上一組客人吃完的東西碎屑，一看就知道根本沒有清潔，面紙盒上也是灰塵應該很久沒有擦拭了⋯⋯⋯,,台北凱撒大飯店,Agoda
2021-04-27,入住輕鬆,10.0,台北凱撒大飯店,Agoda
2021-04-26,地點很棒、服務也好、床乾淨、廁所需要加強,,台北凱撒大飯店,Agoda
2021-04-25,"房間玻璃檯面有灰塵,冷氣壞掉. 整體很普通",,台北凱撒大飯店,Agoda
2021-04-24,地點方便，台北車站正前方，價格便宜，CP值高,,台北凱撒大飯店,Agoda
2021-04-23,但是入住比較舊的房型......電視畫質很差且床頭桌老舊沒有插頭USB不方便,,台北凱撒大飯店,Agoda
2021-04-22,"位於台北車站對面, 交通方便, 房間設施較舊",,台北凱撒大飯店,Agoda
2021-04-21,車位太少了還要排隊，還不一定會輪到,,台北凱撒大飯店,Agoda
2021-04-20,床墊與枕頭睡了不舒服 浴室馬桶有異味，清潔不夠徹底,,台北凱撒大飯店,Agoda
2021-04-20,洗澡洗到一半變冷水 電視影幕有跳線,,台北凱撒大飯店,Agoda
2021-04-19,還不錯,,台北凱撒大飯店,Agoda
2021-04-19,還不錯,,台北凱撒大飯店,Agoda
2021-04-19,服務非常好，升等成家庭房，更舒服寬敞,,台北凱撒大飯店,Agoda
2021-04-18,找別間,,台北凱撒大飯店,Agoda
2021-04-18,"但房間較舊,水壓偏低,剛好住在北車街景那邊,但窗戶太髒完全看不清楚(不過也有可能是因為現在缺水所以無法清潔?) 房間剛好是在角間的樣子,房間的格局有點奇怪,此次為公司出差住宿,所以覺得ok,如果是一般個人或家庭旅遊應該不會想要再來這邊住。",,台北凱撒大飯店,Agoda
2021-04-16,以此價格能住在此處是太好不過了,,台北凱撒大飯店,Agoda
2021-04-15,馬桶沖水開關壞掉，整晚都聽到水流聲＋關門聲,,台北凱撒大飯店,Agoda
2021-04-13,很方便,,台北凱撒大飯店,Agoda
2021-04-13,只是床小了點~,,台北凱撒大飯店,Agoda
2021-04-12,需要在新增飲水機，不喜歡熱水壺加熱,,台北凱撒大飯店,Agoda
2021-04-12,飯店服務良好，位置極佳，整體上算滿意，希望早餐可以更好,10.0,台北凱撒大飯店,Agoda
2021-04-12,一進房就超級重的霉味，天花板髒污發霉，停車場滿了要自費270元，桌上連化妝鏡都沒有，時鐘也故障，鏡子有大片手印，盥洗用品廉價，除了隔音不錯，服務員算親切，感覺不到五星級。。。住一般旅店都還比較乾淨。。。,,台北凱撒大飯店,Agoda
2021-04-11,交通便捷，飲食方便,,台北凱撒大飯店,Agoda
2021-04-10,服務親切，環境整潔！,10.0,台北凱撒大飯店,Agoda
2021-04-09,"在台北車站正對面,交通地理位置極佳， 週邊生活機能（逛街.餐廳）極佳， 早餐尚佳,現燙牛肉湯鮮甜好吃 因為飯店自有的地下停車位極少,就算登記排隊也很難停到,我們清明連假入住連續3晚,直到4月4日晚上才候補到,但必須在晚上11:00前入場,否則代客泊車人員會下班,隔日中午12時前要取車,否則會加收費用;飯店的特約停車場停一晚也要將近300元,停車是很大的問題及負擔,所以極度不建議開車前往!",,台北凱撒大飯店,Agoda
2021-04-08,窗戶灰塵很厚，浴缸老化脫皮掉屑，廁所有清潔劑味道。,,台北凱撒大飯店,Agoda
2021-04-08,ok,,台北凱撒大飯店,Agoda
2021-04-07,不用期待有五星級的水準，和一般平價的商務旅館一樣的等級，設備老舊…,,台北凱撒大飯店,Agoda
2021-04-07,不用期待有五星級的水準，和一般平價的商務旅館一樣的等級，設備老舊…,,台北凱撒大飯店,Agoda
2021-04-07,飯店服務品質好，公共設備較少，早餐豐富好吃 價格很實惠,,台北凱撒大飯店,Agoda
2021-04-07,離車站很近~ 帶小孩做車很方便~,10.0,台北凱撒大飯店,Agoda
2021-04-07,浴室廁所沒有清潔乾淨，尿騷味重，退房時有與櫃檯反應，其人員雖說下次入住可即時反應，但應是沒下次了,,台北凱撒大飯店,Agoda
2021-04-06,取車時間等待過久><,,台北凱撒大飯店,Agoda
2021-04-06,除了離台鐵捷運近的優勢外，其餘沒有凸顯的優勢，飯店設施不多，連住了二天早餐餐點竟然是一樣的，完全沒有變化。建議入住不要每天都加購早餐，依照這價格可以入住更好更新的飯店。不推薦,,台北凱撒大飯店,Agoda
2021-04-06,交通餐飲方便,,台北凱撒大飯店,Agoda
2021-04-06,停車位極少，需自費停特約停車。服務態度上也冷淡 問題處理也不積極，提問後就要我們自行上網反應或自己找飯店主管～,,台北凱撒大飯店,Agoda
2021-04-05,老牌飯店，但內部維護的不錯，很乾淨，隔音也很棒。 地點絕佳，很適合需要住在車站附近，又對飯店有一定品質要求的人。 停車位有限要儘早抵達，雖然飯店以外的合作停車場就在旁邊，但還是需要額外花錢。 整體來說是很值得的，是我下次會再蒞臨的口袋名單。,,台北凱撒大飯店,Agoda
2021-04-05,"地點好,離車站超近,早餐也非常好吃",10.0,台北凱撒大飯店,Agoda
2021-04-05,"地點及服務非常讚~~ 開車去就可惜了點,連假本館沒有多的停車位可以停,需要停到特約停車場... 洗澡的熱水不容易調到適合的溫度~~ 空調也不是那麼好調到適合的溫度~~",,台北凱撒大飯店,Agoda
2021-04-05,附近很多吃的喝的 去那邊交通都方便,,台北凱撒大飯店,Agoda
2021-04-05,設備舊! 電視很糟!,,台北凱撒大飯店,Agoda
2021-04-04,早餐太普通了，cp值太低了！,,台北凱撒大飯店,Agoda
2021-04-03,價錢優惠，可惜浴室有浴缸無乾濕分離，員工態度優，會再次入住！,,台北凱撒大飯店,Agoda
2021-04-02,地點很好,,台北凱撒大飯店,Agoda
2021-04-01,訂購的房型是兩小床，但頁面特殊需求可以選擇一大床，所以怕飯店沒看到提交了好幾次，現場到了櫃檯check-in說沒有房間可以換，也本來就不保證可以換到，或許飯店應該不要放這個需求選項，或是應事先通知沒有辦法滿足?,,台北凱撒大飯店,Agoda
2021-03-30,這次是週末的行程，希望能入住離車站以及交通便利的住所，而凱撒飯店緊鄰台北車站，是一個不錯的選擇，接待大廳會有人指引，非常貼心，雖然飯店有些年代，但不影響服務態度，房間內也是舊式裝潢，但仍舒適，房型為一般，雖有浴缸但並非乾濕分離，有附防滑墊這個部分加分，早餐的選擇算多樣，中西式都有，算是進來才能感受一些細節,,台北凱撒大飯店,Agoda
2021-03-30,很好,,台北凱撒大飯店,Agoda
2021-03-06,電視整晚壞的😭 床下有一隻穿過的襪子🤮 有停車場卻沒位子，還要去外面停特約付費（不是等於沒有？！） 失望到我都懶的反應了⋯⋯,,台北凱撒大飯店,Agoda
2021-02-12,0,,台北凱撒大飯店,Agoda
2021-02-09,電視設備太舊無法看，吹風機像故障壞了都沒在維護，櫃檯說是升等，但感覺根本是將太久沒賣得房便宜賣出，非常糟糕的體驗，號稱五星級但感覺連個3星都比不上，房內設備也少得可憐，沐浴用品都不知道放多久了，很糟,,台北凱撒大飯店,Agoda
2021-02-01,OK,10.0,台北凱撒大飯店,Agoda
2021-01-25,...,,台北凱撒大飯店,Agoda
2021-01-17,不貴，地理位置很好，附近有地下街、百貨公司、書店⋯很好買，附近各種吃喝的餐廳店也多，飯店早餐東西選擇多、寬敞又有view 唯獨1.停車場位子太少，來飯店晚的得停到有合作但只有停車優惠的舊大亞百貨停車場，2.飯店房間蠻舊的，床墊品質很差搖晃超嚴重、廁所也很舊 若只是到台北玩只想找住一晚到處玩的話，是非常推薦的好飯店,,台北凱撒大飯店,Agoda
2021-01-16,.,10.0,台北凱撒大飯店,Agoda
2021-01-12,Checker自助餐好吃，但是入住四人房，卻只給兩人用品，還要打電話去櫃台要，結果還要確認，對飯店整體流程失望。早餐餐檯看到蟑螂，雖然服務生用紙抓了，不過大飯店品質整潔度需要再加強。,,台北凱撒大飯店,Agoda
2020-12-26,"整體而言還不錯,可是不知道是否是透過Agoda訂房的關係,因為房價最便宜,所以安排的房間浴室是不規則形狀,而且洗手台左邊都腐朽爛掉了,看了很不舒服,這是美中不足的地方!",,台北凱撒大飯店,Agoda
2020-12-21,-,,台北凱撒大飯店,Agoda
2020-12-21,-,,台北凱撒大飯店,Agoda
2020-12-16,可能是特價活動，所以員工態度不好,,台北凱撒大飯店,Agoda
2020-12-15,.,10.0,台北凱撒大飯店,Agoda
2020-12-15,飯店停車場北住宿舍 沒有完全使用的空間 要改去停特約停車場的外付費 住宿 一晚還要額外付停車費300多元 這樣根本沒有比較便宜 而且停車場離飯店還有 一點距離 行李上下 很不方便。 適合搭乘大眾捷運系統來住宿 比較方便,,台北凱撒大飯店,Agoda
2020-12-13,應該是最讓人放心的住宿品質，卻在隔音的設計上，讓我們無法好好休息 從昨天五點入住，到夜裡再到早上退房前，不同聲響的敲擊聲撞擊，我只能用驚嚇來形容當下的心情，這也是我在四星旅館，第一次遇到的荒謬感，因為這不該出現在這家飯店的條件和設備所要讓客人挑剔的地方，一夜不好眠的我們，決定今天要來住君悅酒店了,,台北凱撒大飯店,Agoda
2020-12-12,隔音不好，整潔度也有待加強,,台北凱撒大飯店,Agoda
2020-11-29,.,,台北凱撒大飯店,Agoda
2020-11-25,無,10.0,台北凱撒大飯店,Agoda
2020-11-25,無,10.0,台北凱撒大飯店,Agoda
2020-11-23,冷氣很大聲，浴室是透明玻璃，再用簾子遮，還以為到了汽車旅館,,台北凱撒大飯店,Agoda
2020-11-22,停車空間不足。熱水忽冷忽熱。隔音效果不好。,,台北凱撒大飯店,Agoda
2020-11-17,凱撒下面就是捷運了，飯店附近有百貨公司和便利商店和速食店。房間乾淨住的很舒適！,,台北凱撒大飯店,Agoda
2020-11-16,出差因素，入住幾次。每次都覺得工作人員服務很好、房間乾淨、地點及用餐都相當方便。,10.0,台北凱撒大飯店,Agoda
2020-11-02,ok,,台北凱撒大飯店,Agoda
2020-10-28,服務品質很棒~~~但車位要早點到才比較有機會可以停喔!!(數量有限很殘酷) 交通很方便!!不管是公車或是捷運都是200公尺內~~,,台北凱撒大飯店,Agoda
2020-10-26,停車場說三點開放停車，三點十分一個位置也沒有，櫃檯說隔天早餐至１１點，隔天餐廳說只到１０點半，顯示員工資訊有落差，也無法傳達正確資訊給顧客，因地理位置十分好，我想不會缺遊客的～,,台北凱撒大飯店,Agoda
2020-10-20,BBD,10.0,台北凱撒大飯店,Agoda
2020-10-10,在國慶日假期入住，人潮蠻多，服務就有落差！唯一不錯是早餐在二樓，餐點及北車站風景不錯！ 因停車位有限，飯店雖有告知可停亞州大樓來補償停車費！不過入住前櫃臺告知可排隊等待飯店車位，所以在14:00排車位在第8位，15:00時剩下4台在排，之後的時間櫃臺服務人員都只有統一話術，「只剩1-2台」，但我在旁邊巷子裡等到18:00都還是回我「只剩1-2台」因為有很多「中南部開車上來要住2-3天的客人.......」！傻了！原來瞧不起我們這些住隔天的，要預留給這些客人！所以貴飯店就不該再讓住客有停車機會的心態，而是滿了就請客人停隔壁大樓！所以我下午的時間全泡湯！直到19:00回房收到櫃臺電話回覆沒車位請停大樓.... 謹提供不愉快的住房，因為北車站附近還有很多飯店、商旅、民宿住過都還不錯，反正飯店生意佳住房多，我們小老百姓就摸摸鼻子吧！,,台北凱撒大飯店,Agoda
2020-10-07,無,,台北凱撒大飯店,Agoda
2020-10-06,NICE,10.0,台北凱撒大飯店,Agoda
2020-09-30,"房間不時傳來濃重煙味, 嚴重影響睡眠",,台北凱撒大飯店,Agoda
2020-09-29,無,,台北凱撒大飯店,Agoda
2020-09-14,1. 大廳櫃檯服務人員態度很好，但餐廳服務員有待加強 2. 餐廳火腿退冰含水、餐台潔淨度差 3. 非常親子不友善，因防疫關閉B1電梯卻未留電話或指示改往哪個出口，帶孩子或身障人士再加上行李，從捷運站上到地面層根本是惡夢。 4. 房間天花板、牆面壁紙壁癌黃漬破損，霉味很重 5. 房間電視反應很慢，線路外露 6. 快煮壺感應不良，每次找到特定接觸點都要耗費好幾分鐘，與櫃檯反應人員到場確認也是如此，但卻不進行更換。,,台北凱撒大飯店,Agoda
2020-08-30,入住當天下媲美颱風的大雨，但飯店的停車場已經滿了，所以只好在大雨中下行李，把車停到隔壁大樓停車場，晚上時又說飯店樓下停車場有空位，因此讓我們把車移到飯店地下室。晚班服務人員看了隔壁大樓停車場發票以後說退房時會一併處理折抵部分，但早班人員卻說我們的停車費未達最高收費，因此需全額自行負擔。其實自行負擔是無所謂，但飯店一開始並未說明清楚，以至於我們問了好幾次都以為飯店會折抵部分停車費，感覺被踢來踢去很不好。 不推薦給有停車需求的住客。,,台北凱撒大飯店,Agoda
2020-08-27,扛著笨重的行李， 抵達地下入口時卻有封條告知需由大門進出 為何入住前不提前發通知！讓客人跑上跑下的 房間也跟圖片不一樣沒沙發椅！ 接待部分也很有問題～1點多辦理入住跟寄放行李手續，放完行李櫃檯直接去服務另一位客人也沒告知手續未完成請稍等，直到我過去她另外服務的櫃位問是否已完成！ 這時對方才請我稍等一下，說還沒完成讓另外一位先幫我服務... 我努力在感受這間飯店的好 直到...清潔有點糟糕！！ 廁所發現毛髮就算了， 浴缸還有疑似陰毛還是腋毛的 忍不住把今天遇到的一切先打上來！,,台北凱撒大飯店,Agoda
2020-08-27,停車場位置不多，停到旁邊的停車場要收費270元，帶好百元鈔，除非設定好APP,,台北凱撒大飯店,Agoda
2020-08-25,優點：交通便利、附近餐廳選擇多、四人房寬敞、冷氣/冰箱很冷、CP值高 缺點：書桌插座與USB孔設計不良不方便使用、窗戶無法完全阻隔白天的馬路噪音、窗簾遮光可以再好一些、停車位少、廁所設施可接受但期待升級,,台北凱撒大飯店,Agoda
2020-08-25,"住宿資訊和實際不符, 下午15:15分入住時飯店車位已滿, 停到合作停車場需再付270元, 入住和退房都要排很久的隊, 明顯櫃台人員不足, 早餐也普通, 同樣的價位早知就去住別家了, 不值得",,台北凱撒大飯店,Agoda
2020-08-24,選在暑假的週六入住是我的錯！當天下著雨，原本計劃的行程被打亂，全家2點初就提早抵達飯店。 1. 被告知已沒停車位要停特約付費停車場。但可後補，若有位置可移車，當然到我退房都沒任何消息，在我每次走過大廳都聽到相同沒停車位的對話，我想應該有人跟我一樣是因爲停車方便才選擇的。 2. 在lobby辦理入住手續，動線凌亂，櫃台人員ㄧ直低頭處理自己的事，客人在前面走動也沒人理。為了辦好入住手續只好主動問人；再來，因為3點才能進房只好過3點再去櫃台領房卡，ㄧ樣的...辦理入住跟領房卡根本沒人引導分流，還是靠我自己找。 3. 早餐實在不符合5星級飯店該有的品質。 4. 房間隔音差、有異味，聽的到走廊的聲音，隔壁房洗澡用水的聲音也很清楚，而且...房間有不能忍受的異味。 但是，樓層打掃的人員都非常親切。 總歸1句話，這次花錢找罪受，以後不會再入住。,,台北凱撒大飯店,Agoda
2020-08-18,被安排在健身房正隔壁的房間，廁所一進去都有體毛殘留在洗手台、浴缸內...然後最難受的就是整晚都有排水管的臭味...oh my god.. 第一次住就嚇到了,,台北凱撒大飯店,Agoda
2020-07-17,住宿在台北車站 M6出口 很好找 這次有包早餐 也還不錯 省去很多時間再去找吃的 可以直接走行程 房間也很乾淨簡單 我很喜歡 但美中不足是現在沒有電梯直通飯店 搬運行李較麻煩 !下次還會再入住,10.0,台北凱撒大飯店,Agoda
2020-07-14,自助式早餐真的非常的差，還在檯子上看到小強! 稀飯的配料竟然是醬菜罐頭，比三星的飯店還差! 不可思議的糟糕! 但是飯店整體上還是很好的，還是值得推薦!,,台北凱撒大飯店,Agoda
2020-07-02,"台北凱薩歷史悠久, 位於台北捷運站旁, 交通位置相當方便! 但房間設備老舊, 電視,廁所,浴缸,蓮蓬頭... 床不好睡, 不會再來第二次",,台北凱撒大飯店,Agoda
2020-07-01,淋浴時通過電話詢問熱水問題，得到3次再多等幾分鐘，但已經等了50分鐘，最後只好快速洗完9:1冷熱水，也放棄洗頭 最後第四通電話，告知相關人員，但補充我已洗完冷溫水澡，當時已經接近凌晨12點，無法再繼續等待熱水到來，因為隔天要趕第一班高鐵。此時才說要開隔壁房給我洗看看是否有熱水... 但這將近1小時內+4通電話，是以給出更多的備案與解決方式，只是願不願意的問題而已,,台北凱撒大飯店,Agoda
2020-07-01,1-地點就在北車捷運站6號出口，對於搭乘大眾運輸的旅客來說非常方便。 2-附近有百貨公司、小吃或美食餐廳可依照自己愛好，選擇性多。 3-員工細心回答旅客的問題，非常推薦。 4-停車位不多是美中不足之處。,10.0,台北凱撒大飯店,Agoda
2020-06-28,浴室有死蟑螂.. 優點是離車站很近真的很方便。 但同樣價位有其他更好的選擇。,,台北凱撒大飯店,Agoda
2020-06-23,由於2020年新冠狀病毒疫情全球嚴重下，國際觀光業者生意慘淡，台北凱薩大飯店所屬地點設備服務都是一級棒的，今天入住房價很優惠了(高級房雙床不含早餐才NT1598元)房間安靜設備還可以，房間內部裝潢也是比較簡單設計感。感覺不錯可以推薦。,,台北凱撒大飯店,Agoda
2020-06-21,如果停車空間不足，不應該在官網寫有停車場。建議可以跟鄰近的停車場合作。停車付錢可以接受，但去到飯店說停車位不足，要求住客到其他停車場停放，我覺的被唬弄了！感覺不好！早餐也是有待加強！真的不好吃。所以除了地點好我想不到其他優點！,,台北凱撒大飯店,Agoda
2020-06-14,服務非常不專業！飯店老舊！,,台北凱撒大飯店,Agoda
2020-06-12,捷運出來10分鐘內可以走到，樓下就有便利商店。房間跟浴室都很大，雖然面忠孝東路但住高樓層不至於很吵，這次的房型沒附早餐，下次會試試。,10.0,台北凱撒大飯店,Agoda
2020-02-21,雖然說是五星級的飯店，但卻覺得沒有到五星的水準，設備太老舊，木製的洗水臺掉漆也掉木屑，放肥皂的臺子歪歪的一副快掉的樣子，牆面還有沉積很久的黴菌垢⋯ 這些明明就是可以先處理的⋯還有早餐時櫃檯寫要人帶位，卻在櫃檯等了將近10分鐘⋯服務態度是不錯沒錯，但這種水準給五星級我覺得真的是名不符實，總體經驗差，除了位子好沒其他能比的,,台北凱撒大飯店,Agoda
2020-02-02,住了一間未裝修的房間，是有點舊，但整體來說還可以！位置是很好的，地下B1可連接捷運，完全不用走出地面，很方面！剛剛遇上疫情，每次入酒店時都要量體溫，這樣令我比較放心！,,台北凱撒大飯店,Agoda
2020-01-31,飯店位置真的很棒，吃喝玩樂都方便，飯店有點老。價格蠻高。,,台北凱撒大飯店,Agoda
2020-01-29,車位太少了。開車的不能來住這間,,台北凱撒大飯店,Agoda
2019-12-31,地點極好，台北站旁，有專屬捷運出口，購物休息都方便。但房間清潔差，數日來人員都沒有在整理房間時吸地氈的塵，赤腳行一定會令腳掌有一層灰塵；另外，玻璃窗水漬多得恐怖，所以我都沒有打開窗簾,,台北凱撒大飯店,Agoda
2019-12-31,飯店周圍好多小食，交通樞紐極方便。,,台北凱撒大飯店,Agoda
2019-10-21,台北凱撒地點一流在台北車站對面亦有捷運入口在酒店旁邊，去哪裡也超方便。附近各式商店及食店齊全，方便逛街購物。,,台北凱撒大飯店,Agoda
2019-10-14,飯店內裝已經有些陳舊，以目前多數住宿點及價位來評比，凱薩走的是老品牌，但若是要與年輕市場競爭，可能會相對流失掉較多客源。,,台北凱撒大飯店,Agoda
2019-07-24,"價錢合理, 地點非常方便, 有地下街連接捷運!",,台北凱撒大飯店,Agoda
2019-06-29,飯店感覺很舊，去桃園機場最少提前三小時去捷運预辦寄行李，再走走才去機場很方便。,,台北凱撒大飯店,Agoda
2019-05-29,飯店就在台北火車站旁邊，基本上對出口的話還可以直接通到飯店根本不用出站，附近一走出去就有超多吃的逛的。走路約15-20分鐘也可以到西門町。飯店設備比較老舊不過清潔度還OK。住的算是舒適。,,台北凱撒大飯店,Agoda
2019-04-30,"是我到台北車站地區的住宿首選,值得推薦.",,台北凱撒大飯店,Agoda
2019-04-22,位置就在台北車站對面，有地下街連接捷運，下雨也不怕 價格合理，房間整潔，服務員很有禮貌,,台北凱撒大飯店,Agoda
2019-04-02,地鐵就在飯店地下1樓，就是為了這一點方便我才住這家飯店，因為房間不比其他飯店便宜，同時必須訂metro or metro polis 房才是新裝潢的，其餘都是舊房，員工服務態度不是很好,,台北凱撒大飯店,Agoda
2019-01-03,地點在台北車站M6出口電梯直達酒店，隔鄰三越百貨，非常方便。唯獨是酒店硬件差，大堂裝修及走廊美觀，但房間舊，廁所去水差，花灑掣又壞及設施舊又有異味。本身這酒店的房間面積夠大是好事，但設施配合真的差。,,台北凱撒大飯店,Agoda
2018-10-14,這次生日之旅得到凱撒大飯店送上美味的生日蛋糕，真的窩心。,,台北凱撒大飯店,Agoda
2018-10-11,我入住凱撒三次，櫃檯服務員屢屢開錯房間給我，不知是糊塗還是疏忽？經過我打電話到櫃檯抗議，服務員才道歉，折騰了將近1小時才換房間給我，還屢屢道歉，我訂的房間是有浴缸的，連續三次我入住此飯店都給我沒有浴缸的房間，經過我打電話後他們才幫我換房，感覺上有點被騙！值班經理說送水果跟我們道歉，結果送來的是兩片鳳梨酥，又再騙人！我打電話要求換水果，等著老半天水果才送上門！如果不是考慮到凱撒地點方便，下次真的不會再入住！,,台北凱撒大飯店,Agoda
2018-10-05,若非地點理想，真不想入住此飯店！服務員態度欠佳，我住了很多次，從來沒有升等過！飯店服務太差了！,,台北凱撒大飯店,Agoda
2018-09-10,這次入住凱撒感覺受騙了！原本是訂新裝潢的房間，但卻給我未翻新的房間，折騰了老半天，結果要我補拆額台幣1600元才換新裝潢的房型，櫃檯人員服務態度很差！我明明在agoda訂房時選擇新裝潢的房型，付的是新裝潢房的價格，但不知到底是agoda還是飯店訛錢？對飯店的服務十分不滿！,,台北凱撒大飯店,Agoda
2018-09-01,飯店的客房有的很舊還沒翻新，請大家選擇”metro”才是翻新的客房，不要受騙於價位哦⋯⋯,,台北凱撒大飯店,Agoda
2018-08-30,"飯店看起來老了,,可是他的地理位置跟服務人員的服務態度加分很多",,台北凱撒大飯店,Agoda
2018-08-28,浴缸不乾淨,,台北凱撒大飯店,Agoda
2018-08-08,地理位置極佳，交通十分便利，唯入住後發現床鋪發現有污跡卻未有更換，清潔度較差。,,台北凱撒大飯店,Agoda
2018-07-29,飯店員工的服務很貼心，早上臨時在45分鐘內需要一束花束，馬上打給櫃檯詢問，櫃檯人員也迅速幫助我們解決問題，滿足我們的需求，飯店人員的用心協助讓我們很感動，謝謝協助我們的人員。,10.0,台北凱撒大飯店,Agoda
2018-07-25,交通方便！ 浴室沖涼水時冷時熱！ 房間細！ 要求樓層高，但只給我低樓層！ 今次住宿台北凱撒大飯店有點失望！,,台北凱撒大飯店,Agoda
2018-07-13,交通方便,,台北凱撒大飯店,Agoda
2018-07-13,"It is the second time we stayed in Caesar Park Hotel Taipei. And we were surprised we got upgraded! Front desk is nice and helpful. The location is very convenient, right upside the Taipei subway station, so many good restaurants nearby the hotel!",10.0,台北凱撒大飯店,Agoda
2018-06-06,地點佳，吃東西方便，房間較舊,,台北凱撒大飯店,Agoda
2018-05-08,"Close to the main station, many restaurants nearby. However, the hotel and the decoration is a liitle bit old and deteriorated.",,台北凱撒大飯店,Agoda
2018-05-01,員工態度親切有禮、位置十分好；但酒店真的有點殘舊了；我這次在同一房間逗留了五日四夜，到了最後一晚的凌晨才赫然發現自己蓋在身上的被袋上有血跡（而血跡並不屬於我）；可想而知這個被套一直沒有被更換、也不知有多久了。而我睡的枕頭都聞到有異味，雖不強烈、但感覺真的很難受。 酒店殘舊是硬件，但檢查及更換被袋這是軟件問題，不能推卸責任。所以我才會花時間寫下負評。 以後我再到台北，如非必要也不會選擇凱撒了。,,台北凱撒大飯店,Agoda
2018-04-18,喜歡有地毯的房間 舒適 乾淨 空間很足夠 下次要再入住^^,,台北凱撒大飯店,Agoda
2018-04-09,飯店人員的服務態度非常友善。地理位置及周圍的生活機能非常便利。,,台北凱撒大飯店,Agoda
2018-04-08,地點非常方便，我們住的是新裝修樓層，所以也不錯。,,台北凱撒大飯店,Agoda
2018-03-22,跟墾丁凱撒比起來，房型實在是超小，但整體性價比還可以接受,,台北凱撒大飯店,Agoda
2018-03-02,廁所排氣不佳，尿騷味不斷逆流回房間。冷氣系統無法控制溫度、風量。,,台北凱撒大飯店,Agoda
2018-02-23,l,,台北凱撒大飯店,Agoda
2018-02-22,"櫃檯人員要求入住前要壓冰箱用品的保證金2,000，這種懷疑客人的服務態度，真是服務業的沈淪，真是夠誇張！",,台北凱撒大飯店,Agoda
2018-02-04,但是酒店设施有点旧，屋里有味道,,台北凱撒大飯店,Agoda
2018-01-29,"1.)因為天氣冷，向房務部要多加一條棉被，堅持只給薄毛毯////害我睡到感冒了/////也不說有電暖爐可以借用。連住2晚,第2天早上打電話去櫃檯反映(睡到感冒)....仍然堅持只給毛毯/////氣到我掛電話//// 5分鐘後，又撥電話去櫃檯，說要向總公司反映......才勉強給了一件單人棉被/////和提供一台超小台電暖器 2.)入住時，櫃檯給了早餐券但沒說要去哪裡吃(2樓)、也沒說6樓有健身設施////櫃檯很冷淡////也沒有歡迎入住客套語 3.)早餐很單調////實在是不值得。。。大人要價550+10% ///// cp值超低////早餐青菜只有一處////多是粥類的醃製配菜居多(醃黃瓜、筍乾、皮蛋、肉鬆、鹹蛋)/////鬆餅、鹹鯖魚...荷包蛋....火腿///臘肉/////幾乎都是國小課本中的紅燈食物(很不健康) 4.)建議大家要看評價.....建議要看負評多寡.....正評可能是灌水的..... 5.)入住的房間有窗但是.和廣告不同....不能看見台北火車站////有窗看到的卻是對面大樓.....我住15樓看到的是比我還高的樓....完全沒有視野...... 6.)浴室水龍頭只要開水洗手,水就會濺到洗手台平台上....滿滿的都是水.....一點都不""乾""淨 7.)隔壁房客使用浴室和在浴室講話.....都會傳到我房間.......11點隔壁房˙還在使用浴室....我一直被吵醒 8.)小電冰箱.壓縮機的運轉聲音很大。。。。凌晨常常(一開始很累爬不起來拔插頭ˊ)被壓縮機的聲音吵醒。。。。壓縮機約15分鐘就啟動一次，每次約運轉5分鐘。...........低頻的聲音令人難以入睡......最後只能拔掉電源插頭才能入睡 9.)罄竹難書",,台北凱撒大飯店,Agoda
2018-01-17,房間面積很大，房間整理清潔，設備也足夠，住得舒適。,,台北凱撒大飯店,Agoda
2017-12-28,酒店需要裝飾房間，和保持房間洗手間乾淨清潔,,台北凱撒大飯店,Agoda
2017-12-27,這已是我們第二次入住，地點實在太好，今次我們帶著兩個孩童入住，謝謝員工為我們預備了較大的房間，期待下次再來!,,台北凱撒大飯店,Agoda
2017-12-13,本來處理的尚可接受，但Agoda的服務人員處理的又把問題延伸了，形成了雙邊聯合欺騙客戶的情況了。,,台北凱撒大飯店,Agoda
2017-12-11,19樓的精緻客房有點老舊，浴缸有掉漆！ 悠遊客房感覺明亮許多，衛浴設備也比較新,,台北凱撒大飯店,Agoda
2017-12-09,地段優,,台北凱撒大飯店,Agoda
2017-11-06,以地段費用評比，物超所值~可惜美中不足的是，僅洗手台嚴重阻塞，流水速度異常緩慢，一進門馬上打開水源測試沒有問題；但使用後立刻滿水，自行猜測可能是為了不讓旅客浪費水資源而不維修，但設施有瑕疵旅客觀感不佳；另外早餐價格設定有差額：櫃檯與餐廳人員說法落差１百元＜Agoda網頁標示與餐廳一致＞，造成旅客困擾，應落實飯店內部訓練與默契。,,台北凱撒大飯店,Agoda
2017-10-25,走廊非常昏暗，需要改善.,,台北凱撒大飯店,Agoda
2017-10-24,房間整體設施還可以 吹風機還真的是網路大家說的古董 火車站M6出口沒電梯 只有樓梯 對於有大件行李的 真的很不方便,,台北凱撒大飯店,Agoda
2017-09-12,霉味蠻重的 其他都還不錯,,台北凱撒大飯店,Agoda
2017-09-08,員工服務太差,,台北凱撒大飯店,Agoda
2017-09-08,服務到位，位置交通方便,10.0,台北凱撒大飯店,Agoda
2017-09-07,台北火車站旁、搭捷運方便、房間雖小但乾淨,10.0,台北凱撒大飯店,Agoda
2017-08-19,交通是十分方便、不過設施有點舊。每天早上9點左右就聽到似電鑽的聲音,,台北凱撒大飯店,Agoda
2017-08-02,這次住的房間整體算滿意！！ 房間真的很大~~廁所也很乾淨 早餐超級多選擇 可惜其中有一位服務員服務不是很好 這次可惜沒用到20樓的空中花園,,台北凱撒大飯店,Agoda
2017-07-31,地理位置方便,,台北凱撒大飯店,Agoda
2017-07-29,其實本來會給較高評價，可是在最後一天半夜 十二點，聞到像汽油的化學味，和客服反應，很快換了房間。第二天訊問是什麼化學劑，給了一張像是（自然）肥料的資訊，說是完全自然成份，對人無害。（那怎麼不在白天噴灑？）我也不確定自然成份會聞起來像汽油。老公居然第二天下午就流鼻血了。不過反正也沒直接證明，給予參考。 除此之外，雖是近捷運，還是必須走一段樓梯 （20到30接），給推娃娃車的家庭參考。,,台北凱撒大飯店,Agoda
2017-07-15,服務人員親切，還幫我們升等。,,台北凱撒大飯店,Agoda
2017-07-13,應該是2人入住要附兩份早餐的。只給一份另外一份自費不合理,,台北凱撒大飯店,Agoda
2017-06-21,房型升等，對嬰兒友善，房間寬敞舒適，早餐很美味。,10.0,台北凱撒大飯店,Agoda
2017-06-02,地點佳,,台北凱撒大飯店,Agoda
2017-05-26,"好, 有機會再來 !",,台北凱撒大飯店,Agoda
2017-05-23,我們在五月入住，房型是Superior Twin-room.房間在十九樓，很安靜。早餐是自助式，很不錯。每天的打掃非常乾淨，我們很滿意。一樓是接待大堂並通往大街，B1是酒店範圍內的食肆並可通往台北車站，下雨天非常方便。沒有時間用其他設施，不便置評。整體上我們非常滿意。,,台北凱撒大飯店,Agoda
2017-04-30,這次其實是替我從美國回來的阿姨預定，我每天去旅館看他。發現我2008年從大陸回台時曾經住過，就覺得浴室有點舊，似乎這次看還是沒更新。其次，櫃臺人員很大小眼，兩次要上樓拜訪我阿姨（因為都需要請他們通報並使用卡片），一次是他們三個人服務一個白人客人，我等了一下忍不住說，不需要三個人吧？可以有一個來服務我嗎？另外一天是，一個日本人在填單子，我站在旁邊說，看櫃臺人員是在等待客人填單，就說麻煩請幫我聯絡....，他立刻說：我正在服務這位客人請你去找別人。唉！應該是你幫我找一個其他櫃臺人員吧？或是你要聽我講完吧？,,台北凱撒大飯店,Agoda
2017-04-23,除了地理位置方便之外，一无可取之处，房间里充满了发霉的气味，家具床品和卫生间破旧不堪，看上去就很肮脏,,台北凱撒大飯店,Agoda
2017-04-20,風筒是七十年代的，仲細風過手提舊式兩葉風扇，房燈很暗，燈開関很奇怪，一係開全房燈，一係關全部，廁所抽氣系統無力，沖完涼全間廁所濕晒，唯一好處係喺捷運站樓上,,台北凱撒大飯店,Agoda
2017-04-19,很不錯,,台北凱撒大飯店,Agoda
2017-04-19,設備較老舊，人員服務態度很好，交通便利飯店本身車位有限，如停特約停車場只提供錢3小時半價，我們這次誤以為特約是免費的，到取車時才知道要付費，慶幸的是一天最高收費是300元！,,台北凱撒大飯店,Agoda
2017-04-19,"非常驚喜我們的房間有upgrade到. 非常大和舒服, 讓我們都捨不得出門了",10.0,台北凱撒大飯店,Agoda
2017-04-18,"在台北地鐵上, 房間大, 清潔好",,台北凱撒大飯店,Agoda
2017-03-25,房內用品補給很快捷。早餐各式口味都照顧到。大部份住客都是日本人，不覺得嘈吵。交通非常方便。,,台北凱撒大飯店,Agoda
2017-03-08,地點優,,台北凱撒大飯店,Agoda
2017-03-07,交通便利,,台北凱撒大飯店,Agoda
2017-02-24,台北車站、新光三越、光南批發、和億等都近在咫尺。,,台北凱撒大飯店,Agoda
2017-02-20,感謝,,台北凱撒大飯店,Agoda
2017-02-17,網站上沒有廁所照片是因為廁所老舊未更新，吹風機有殘留的頭髮，地點位置很棒很方便。,,台北凱撒大飯店,Agoda
2017-02-05,航班延誤結果到飯店時已是半夜了，隔天還要趕搭火車，所以沒太多時間體驗!,,台北凱撒大飯店,Agoda
2017-02-02,很棒,10.0,台北凱撒大飯店,Agoda
2017-01-27,房间有点小 wifi非常好,,台北凱撒大飯店,Agoda
2017-01-20,Convenient,,台北凱撒大飯店,Agoda
2017-01-19,貼心服務，房間整潔，位置方便，交通便利,,台北凱撒大飯店,Agoda
2017-01-11,soso,,台北凱撒大飯店,Agoda
2017-01-10,貼心服務，房間整潔，位置方便，交通便利,,台北凱撒大飯店,Agoda
2016-12-30,"位置好, 房間舒適",,台北凱撒大飯店,Agoda
2016-12-22,乾淨,,台北凱撒大飯店,Agoda
2016-12-18,浴室清潔可以再改善一點點.,,台北凱撒大飯店,Agoda
2016-12-11,無線網路太差，酒店Wifi 常常壊了上不了網，給商旅做成很大的不方便！,,台北凱撒大飯店,Agoda
2016-12-06,"本人到台灣 踩單車環島, 台北是旅程尾站, 經多日風雨, 無論人或單車都很污. 雖然如此, 但酒店也不應表現出厭惡吧 ! check in 時, 大堂服務員一直在催促不能在大堂停單車, 可笑是櫃檯的服務員仍然在登記中, 試問本人如何分身?! 之後, 泊單車的地方竟然是員工露天機車車位, 當天台北還是下雨天... 經交涉後, 最終排泊入 室內通道旁. 入房間後, 正想煲水,可水是黃色的, 經超過一分鐘的時間, 水依然是黃的, 最後要換房.",,台北凱撒大飯店,Agoda
2016-12-05,"交通方便,服務好",,台北凱撒大飯店,Agoda
2016-11-27,可惜自助餐一般,,台北凱撒大飯店,Agoda
2016-11-25,本人回港後發現在酒店遺下重要文件，酒店人員獲悉後即時跟進並提供專業服務。,,台北凱撒大飯店,Agoda
2016-11-22,入住連續四晚及租住兩間大房，好明顯要一個家庭。而且當時在agoda付款是一間三人房一間二人房，但大堂竟安排兩個細房，兼且在兩個不同樓層；相信任何人去到都會不滿，經討論過後才安排入住同一樓層及較近的房間，這樣的服務態度還算四星級？應該屬於旅館級別！,,台北凱撒大飯店,Agoda
2016-11-19,可以再來,10.0,台北凱撒大飯店,Agoda
2016-11-19,沒有,,台北凱撒大飯店,Agoda
2016-11-16,住房還不錯，但價格比較高！,,台北凱撒大飯店,Agoda
2016-11-14,"洗手間好舊, 浴缸去水位有頭髮沒有清理.......浴缸去水太慢,淋浴後都浴缸都是水.....洗手間門發霉....完全不像45星飯店...",,台北凱撒大飯店,Agoda
2016-11-14,"洗手間好舊, 浴缸去水位有頭髮沒有清理.......浴缸去水太慢,淋浴後都浴缸都是水.....洗手間門發霉....完全不像45星飯店...",,台北凱撒大飯店,Agoda
2016-11-05,交通方便服務好,,台北凱撒大飯店,Agoda
2016-10-26,房間設備不但老舊，地毯很髒，竟然還有蟑螂、跳蚤，同住的人被咬到無法入眠。對於這麼一家老字號的飯店，實在太令人失望,,台北凱撒大飯店,Agoda
2016-10-23,從之前改裝到改裝後的變化令人眼睛為之一亮，服務則是一直讓人覺得貼心的地方，尤其從火車站地下街即可到達之處令人不用再舟車勞頓,,台北凱撒大飯店,Agoda
2016-10-18,隨意更改訂房房型..... 敷衍說升等房型...查詢以後根本不是升等房型.... 不被尊重的感覺....,,台北凱撒大飯店,Agoda
2016-10-11,凱撒飯店不是所有的客房都是新裝潢，就像這次我住的就是舊式房型，浴室內浴缸有點老舊，但大致上還算不錯,,台北凱撒大飯店,Agoda
2016-10-09,廁所衛浴清潔方面真的嚇到我了，上組客人留下的垃圾竟然還留在廁所裡，完全沒清！洗手槽上的邊角都發霉了，也沒刷洗！廁所馬桶蓋也不符合馬桶尺寸，廁所時馬桶蓋一直移動！廁所門上因潮濕都脫皮了，也未整修！凱薩給我的印象很好，沒想到這次讓我失望！其他部份都算不錯,,台北凱撒大飯店,Agoda
2016-10-07,離西門町 北車 總統府等 都很方便,,台北凱撒大飯店,Agoda
2016-10-04,交通方便,10.0,台北凱撒大飯店,Agoda
2016-09-30,整體服務很好， 遇上颱風天未能離開，也得到職員多次幫忙,,台北凱撒大飯店,Agoda
2016-09-29,"帶小孩有推車,飯店人員來到捷運與飯店的階梯處等我們,協助搬推車及行李,真的非常的貼心!!!",,台北凱撒大飯店,Agoda
2016-09-26,裝潢老舊、擺飾有灰塵,,台北凱撒大飯店,Agoda
2016-09-04,走廊有點過暗,,台北凱撒大飯店,Agoda
2016-08-30,交通便利，空气清新，闹中取静。,10.0,台北凱撒大飯店,Agoda
2016-08-25,除了地點外，其他一般,,台北凱撒大飯店,Agoda
2016-08-23,位置極方便，酒店B1連續台北車站捷運出口，對面已是台北火車站手上高鐵站，周邊亦有很多飲食，下次去台北亦會再住。,,台北凱撒大飯店,Agoda
2016-08-20,房間新裝挺不賴，可惜公眾設施需要加強,,台北凱撒大飯店,Agoda
2016-08-05,總體感覺不錯，位置好，就是房間有點舊,,台北凱撒大飯店,Agoda
2016-08-04,整潔乾淨，服務周到 地點特優 房型雖不大但頗經濟實惠,,台北凱撒大飯店,Agoda
2016-08-04,客房真是太舊了,,台北凱撒大飯店,Agoda
2016-08-03,房間很大 員工的服務很好 一個人住也是非常安全,10.0,台北凱撒大飯店,Agoda
2016-07-31,"地理位置佳,吃的和交通方便",,台北凱撒大飯店,Agoda
2016-07-21,"舊房間有味道, 霉味~ 不能接受, 所以補差價換房間, 櫃枱員工部份很好, 部份普通( 我訂了三個房間, 其中兩間雙床, 但兩間床的大小不一樣, 聯絡櫃枱, 她竟然說是我的視覺問題, 但我手上有尺, 用眼看都知道差成幾吋喎...不過算, 已決定轉房間, 所以沒有再追問下去!!, 只是覺得櫃枱職員怎會有這樣回應罷了!)下次應該不會再住這裏了!",,台北凱撒大飯店,Agoda
2016-07-17,交通方便,,台北凱撒大飯店,Agoda
2016-07-12,"馬桶不通灰塵很多,",,台北凱撒大飯店,Agoda
2016-07-06,浴室的水龍頭要標示，水很燙水龍頭的切換不易,,台北凱撒大飯店,Agoda
2016-07-05,位置方面，交通便利,,台北凱撒大飯店,Agoda
2016-07-04,"交通便利, 員工有禮!",,台北凱撒大飯店,Agoda
2016-07-04,房間灰塵馬桶不通,,台北凱撒大飯店,Agoda
2016-07-04,地點在台北車站對面，樓下就是捷運非常方便，服務人員亦算有禮。 但房間仍未裝修，非常非常殘舊。整個樓層和房間都是霉味，走廊內都擺放了空氣清新機。這方面仍要改善。,,台北凱撒大飯店,Agoda
2016-07-04,酒店舒適,,台北凱撒大飯店,Agoda
2016-07-01,沒有溫度的服務，,,台北凱撒大飯店,Agoda
2016-06-25,1.房間的枕頭與棉被有霉味（不是地板喔！） 2.信用卡只是徵信預刷，為什麼不能以現金結帳,,台北凱撒大飯店,Agoda
2016-06-24,很好,10.0,台北凱撒大飯店,Agoda
2016-06-19,預定房間為32平方米之房間，check in 時要求一張大床，前台人員竟然給我該酒店最小面積的房間，大約只有17平方米之房間，在過幾小時後，發覺不對勁並查看訂房資料後，到大堂前台查詢，才換到二張床之大房。顯示出該飯店服務人員對顧客之利益不夠重視，不能一開始説明情況，在大房沒有一床的情況下不跟客人説明，給客人面積少一半之房間，即將客人應該享有的舒適度大幅降低。有損客人權益，說明這飯店前台員工不站在客人權益思考。有損服務行業的形象。,,台北凱撒大飯店,Agoda
2016-06-14,近市區，有街逛，有網咖混，有酒喝，有妹看，不錯選擇,,台北凱撒大飯店,Agoda
2016-06-14,台北車站旁邊，十分方便,,台北凱撒大飯店,Agoda
2016-06-09,"服务人员非常热心提供客人任何的提问,尤其是指示方向",10.0,台北凱撒大飯店,Agoda
2016-06-07,"Room is clean, staff is nice",,台北凱撒大飯店,Agoda
2016-06-02,櫃台人員應對話術不佳， 房間內未接好電線外露， 內裝潢像極了一般商旅， 完全與五星飯店沾不上邊， 甚至比現在的一些新商旅還糟， 這次幫日本客人代訂房間，非常失望， 只有在立地位置方便性上予於讚同。,,台北凱撒大飯店,Agoda
2016-05-30,感謝員工的細心和熱情招待，又一次證實了台灣真是一個好山好水好人情的寶島,10.0,台北凱撒大飯店,Agoda
2016-05-30,在機場坐巴士到達台北車站後，只需過對面馬路便到了，如下雨天走地下街便可，見其他的人還需要坐捷運到酒店，可見凱撒飯店的地點真的非常方便。而在周圍已有我們需要的東西，食店，在邊行邊吃邊買下，不知不覺間已到了西門町。,10.0,台北凱撒大飯店,Agoda
2016-05-26,CP值高，整潔，安靜,,台北凱撒大飯店,Agoda
2016-05-18,比較方便舒服,,台北凱撒大飯店,Agoda
2016-05-18,交通方便,,台北凱撒大飯店,Agoda
2016-05-17,交通方便，商店林立,,台北凱撒大飯店,Agoda
2016-05-16,家庭房的質感太差，浴室清潔度更差，建議重新裝修！,,台北凱撒大飯店,Agoda
2016-05-09,排水孔有毛髮跟紙屑，枕頭套有髒污,,台北凱撒大飯店,Agoda
2016-05-06,我下次唔會再選擇這間酒店,,台北凱撒大飯店,Agoda
2016-04-28,交通便利，房間整潔，但被房間介紹誤導有浴缸，最後取房後發覺是沒有，好失望。 下次再訂房時，要列明房間要有什麼設施。,,台北凱撒大飯店,Agoda
2016-04-22,清潔不夠細心，洗手台有頭髮，椅子上有碎屑,,台北凱撒大飯店,Agoda
2016-04-19,離台北車站真的近。床墊好睡。紀念mug每個TWD 250,10.0,台北凱撒大飯店,Agoda
2016-04-19,"地點方便,交通樞紐, 食買玩都齊備,",,台北凱撒大飯店,Agoda
2016-04-15,房間整潔，隔音好，浴室大,,台北凱撒大飯店,Agoda
2016-04-10,房間空間大，浴室水壓不足,,台北凱撒大飯店,Agoda
2016-04-09,"床單不乾淨(好多處點狀深色污漬),浴缸矽力康霉斑，煮水器內部也沒清洗乾淨...真是有些失望。",,台北凱撒大飯店,Agoda
2016-04-07,"絕佳地點,飯店服務人員態度佳",,台北凱撒大飯店,Agoda
2016-04-07,房間整潔，隔音好，浴室大,10.0,台北凱撒大飯店,Agoda
2016-04-07,地板清潔有待改進,,台北凱撒大飯店,Agoda
2016-04-04,很舒適,,台北凱撒大飯店,Agoda
2016-04-01,舊了點,,台北凱撒大飯店,Agoda
2016-03-08,美中不足的是家庭房的陳設老舊 古董吹風機非常沒效率 難以使用,,台北凱撒大飯店,Agoda
2016-03-04,位置 位置 位置,,台北凱撒大飯店,Agoda
2016-03-02,房間地毯有點髒、浴室有浴缸有點讓人失落,,台北凱撒大飯店,Agoda
2016-02-29,交通便利、飲食方面很放便,,台北凱撒大飯店,Agoda
2016-02-20,景觀好、交通方便、服務親切,,台北凱撒大飯店,Agoda
2016-02-15,交通方便、市區內、生活機能佳,,台北凱撒大飯店,Agoda
2016-02-14,"近火車站, 交通便利",,台北凱撒大飯店,Agoda
2016-02-10,床不好睡,,台北凱撒大飯店,Agoda
2016-02-01,還不錯,,台北凱撒大飯店,Agoda
2016-01-30,服務人員反應良好。,,台北凱撒大飯店,Agoda
2016-01-11,-,,台北凱撒大飯店,Agoda
2015-12-28,地點佳,,台北凱撒大飯店,Agoda
2015-12-28,交通便利、待客有禮、購物方便,,台北凱撒大飯店,Agoda
2015-12-08,房間大,,台北凱撒大飯店,Agoda
2015-12-06,地點好、員工好、房間整潔,,台北凱撒大飯店,Agoda
2015-12-02,地點方便,,台北凱撒大飯店,Agoda
2015-11-25,服務到位親切，交通便利。,,台北凱撒大飯店,Agoda
2015-11-25,地點很好，餐飲跟交通都很方便！,,台北凱撒大飯店,Agoda
2015-11-19,台北交通中樞，地區旺盛，人流穿梭不息。,,台北凱撒大飯店,Agoda
2015-11-19,櫃檯服務親切,,台北凱撒大飯店,Agoda
2015-11-14,服務人員態度親切，笑容可掬，敬業,,台北凱撒大飯店,Agoda
2015-11-05,住起來很舒服，電梯有管控，位置也不錯。,,台北凱撒大飯店,Agoda
2015-11-02,方便 管理好 有理 地點佳,,台北凱撒大飯店,Agoda
2015-10-29,服務，乾淨，親切,,台北凱撒大飯店,Agoda
2015-10-28,地理位置極佳，購物丶用餐都方便，工作人員友善。,,台北凱撒大飯店,Agoda
2015-10-23,沒有好的印象只有壞的印象,,台北凱撒大飯店,Agoda
2015-10-19,交通便利，地下街和附近美食小吃多，逛百貨公司也近,,台北凱撒大飯店,Agoda
2015-10-12,服務員都很親切，環境整潔，位居市區交通很方便,,台北凱撒大飯店,Agoda
2015-10-11,便利 乾淨 現代,,台北凱撒大飯店,Agoda
2015-10-09,最大的優點就是交通便利，就在台北車站對面，去哪裡都方便。,,台北凱撒大飯店,Agoda
2015-09-28,旅店位置非常理想,,台北凱撒大飯店,Agoda
2015-09-18,爛,,台北凱撒大飯店,Agoda
2015-09-15,舒服、乾淨、服務好,,台北凱撒大飯店,Agoda
2015-08-30,地點非常好，房間乾淨，服務親切,,台北凱撒大飯店,Agoda
2015-08-28,位置超好、服務超好、隔音不錯,,台北凱撒大飯店,Agoda
2015-08-27,乾淨，整齊，舒適,10.0,台北凱撒大飯店,Agoda
2015-08-24,交通便利 地利位置佳 用餐方便,,台北凱撒大飯店,Agoda
2015-08-24,"交通便利, 環境舒適",,台北凱撒大飯店,Agoda
2015-08-24,"交通便利, 環境舒適",,台北凱撒大飯店,Agoda
2015-08-13,不管去哪都很方便，交通非常便利 ！,,台北凱撒大飯店,Agoda
2015-08-06,X,,台北凱撒大飯店,Agoda
2015-08-04,地理位置好,,台北凱撒大飯店,Agoda
2015-08-02,交通方便、整潔、舒適,,台北凱撒大飯店,Agoda
2015-08-02,地點 地點 地點,,台北凱撒大飯店,Agoda
2015-07-30,大眾運輸地點方便,,台北凱撒大飯店,Agoda
2015-07-28,交通方便,,台北凱撒大飯店,Agoda
2015-07-27,地點極佳 旁邊就是添好運 目前因整修特價 物超所值！,,台北凱撒大飯店,Agoda
2015-07-25,服務人員親切 有禮貌 房間整齊的大方 18jack out非常快速,10.0,台北凱撒大飯店,Agoda
2015-07-25,"交通便利, 週邊生活機能佳, 住宿品質優",,台北凱撒大飯店,Agoda
2015-07-24,地點好而已,,台北凱撒大飯店,Agoda
2015-07-23,地點交通便利。附近餐飲選擇多。電梯多速度快。,,台北凱撒大飯店,Agoda
2015-07-21,地點很好，交通方便，乾淨,,台北凱撒大飯店,Agoda
2015-07-21,代客泊車不錯，周邊可逛的很多，但正面對臺北車站，很吵鬧,,台北凱撒大飯店,Agoda
2015-07-19,服務親切,,台北凱撒大飯店,Agoda
2015-07-18,位置佳,,台北凱撒大飯店,Agoda
2015-07-15,地點、服務,,台北凱撒大飯店,Agoda
2015-07-15,"交通便利，交通便利, 交通便利",,台北凱撒大飯店,Agoda
2015-07-14,舒適、方便、市中心,,台北凱撒大飯店,Agoda
2015-07-10,完全無法,,台北凱撒大飯店,Agoda
2015-07-09,服務人員很有耐心、地理位置絕佳(交通四通八達)、附近商圈很好逛,,台北凱撒大飯店,Agoda
2015-07-09,飯店比較老舊一點，但是整體住起來的感覺還是很不錯的，只是隔音效果比較不好，需要加強隔音的地方。,,台北凱撒大飯店,Agoda
2015-07-08,交通方便、安靜,,台北凱撒大飯店,Agoda
2015-06-29,方便,,台北凱撒大飯店,Agoda
2015-06-22,沒有,,台北凱撒大飯店,Agoda
2015-06-20,地點佳，服務親切，房間重新改裝後舒適,,台北凱撒大飯店,Agoda
2015-06-11,事先預約嬰兒澡盆，服務人員會先放入房間內；服務人員的態度與服務超超親切的；整體而言，很棒,,台北凱撒大飯店,Agoda
2015-06-05,"從地下街走完全不會淋到雨就可以到,但是行李太大件的話,有些階梯要走就很辛苦",,台北凱撒大飯店,Agoda
2015-06-02,地點便利、近台北車站,,台北凱撒大飯店,Agoda
2015-05-31,位置方便，整潔清靜，服務很好,,台北凱撒大飯店,Agoda
2015-05-25,無,,台北凱撒大飯店,Agoda
2015-05-24,服務態度良好，地點位於方便，清潔,,台北凱撒大飯店,Agoda
2015-05-19,"1/接待熱情誠懇, 2/地理位置方便，3/房間功能完整。",,台北凱撒大飯店,Agoda
2015-05-13,交通方便,,台北凱撒大飯店,Agoda
2015-05-05,離台北車站近去哪裏都方便、附近很多好吃的小吃👍,,台北凱撒大飯店,Agoda
2015-05-05,"服務人員很熱心, 靠近捷運站",,台北凱撒大飯店,Agoda
2015-05-04,地理位置佳，交通方便，服務好。國際水準，在地價格，Good!,,台北凱撒大飯店,Agoda
2015-05-04,地點便利易找。,,台北凱撒大飯店,Agoda
2015-05-03,交通便利 飲食方便 安靜,,台北凱撒大飯店,Agoda
2015-05-03,現場客人很多但是還是服務的很周到,,台北凱撒大飯店,Agoda
2015-05-01,交通方便,,台北凱撒大飯店,Agoda
2015-05-01,交通方便,,台北凱撒大飯店,Agoda
2015-04-27,地點好，安靜廁所沒有插電器很不方,,台北凱撒大飯店,Agoda
2015-04-27,地理位置很棒，交通非常方便，飯店接待人員很和善，有什麼問題都會盡量幫忙，非常感謝。,,台北凱撒大飯店,Agoda
2015-04-20,貼心服務／地點方便／清潔,,台北凱撒大飯店,Agoda
2015-04-19,國際化的飯店,,台北凱撒大飯店,Agoda
2015-04-18,交通便捷 開放中具隱蔽性 商圈好逛街,,台北凱撒大飯店,Agoda
2015-04-17,地點、可停車、乾淨,,台北凱撒大飯店,Agoda
2015-04-16,服務好、地點佳、乾淨清潔,,台北凱撒大飯店,Agoda
2015-04-15,交通便利,,台北凱撒大飯店,Agoda
2015-04-14,有地下聯通道連結捷運火車站，方便不必擔心下雨，聯通道就有幾家餐廳可以選擇，工作人員樂意協助。,,台北凱撒大飯店,Agoda
2015-04-13,位置、服務、有停車位,,台北凱撒大飯店,Agoda
2015-04-12,只有地點佳,,台北凱撒大飯店,Agoda
2015-04-09,車站近 房間好 吃的好方便,10.0,台北凱撒大飯店,Agoda
2015-04-07,位置,,台北凱撒大飯店,Agoda
2015-04-06,地理位置佳,,台北凱撒大飯店,Agoda
2015-04-03,位置佳，交通方便，附近買東西吃東西方便,,台北凱撒大飯店,Agoda
2015-03-29,服務人員的態度、地點交通很方便,,台北凱撒大飯店,Agoda
2015-03-28,地點佳,,台北凱撒大飯店,Agoda
2015-03-28,普通,,台北凱撒大飯店,Agoda
2015-03-27,1.地理環境佳。2.客房乾淨舒適。3.服務人員親切。,,台北凱撒大飯店,Agoda
2015-03-25,交通方便,,台北凱撒大飯店,Agoda
2015-03-24,"感覺較為老舊,但飯店位置方便",,台北凱撒大飯店,Agoda
2015-03-16,"地點方便,地點方便,地點方便",,台北凱撒大飯店,Agoda
2015-03-16,客服；清潔；交通便利,10.0,台北凱撒大飯店,Agoda
2015-03-16,交通方便，飯店美觀，環境整潔,,台北凱撒大飯店,Agoda
2015-03-08,寬敞、服務人員佳。,,台北凱撒大飯店,Agoda
2015-03-08,方便吧,,台北凱撒大飯店,Agoda
2015-03-06,捷運高鐵台鐵公車接方便 附近機能強大,,台北凱撒大飯店,Agoda
2015-02-28,交通好,,台北凱撒大飯店,Agoda
2015-02-25,地點,,台北凱撒大飯店,Agoda
2015-02-24,應該是交通便利,,台北凱撒大飯店,Agoda
2015-02-23,交通方便,,台北凱撒大飯店,Agoda
2015-02-22,地點好，離市中心近，房間整潔，床鋪舒適,,台北凱撒大飯店,Agoda
2015-02-22,房間安靜,,台北凱撒大飯店,Agoda
2015-02-20,交通便利,,台北凱撒大飯店,Agoda
2015-02-18,交通方便，離景點很近如博物館，離小吃很近,,台北凱撒大飯店,Agoda
2015-02-16,地點佳客房舒適,,台北凱撒大飯店,Agoda
2015-02-07,地點優，房間乾淨，服務好,,台北凱撒大飯店,Agoda
2015-02-05,近，不貴，服務好,,台北凱撒大飯店,Agoda
2015-02-03,這次我覺得我是有問題，因為我沒有看清楚時間去訂房！可是飯店應該會知道當天沒有人入住就應該去了解為什麼客戶沒有入住，而不是 hold 住房間，不理它！起碼你有客戶資料可以通訊！ 之前我有朋友都發生這個情況，最起碼飯店會退回一半的費用，海撒竟然說這個理由不退款或另外給優惠，不可理喻！！ 我不會再去選擇或介紹給朋友入住這一間飯店，簡直垃圾！！,,台北凱撒大飯店,Agoda
2015-01-21,方便出行,,台北凱撒大飯店,Agoda
2015-01-09,地點方便,,台北凱撒大飯店,Agoda
2015-01-09,大堂、交通設施、食店多,,台北凱撒大飯店,Agoda
2015-01-07,交通非常方便,,台北凱撒大飯店,Agoda
2015-01-06,地點不錯,,台北凱撒大飯店,Agoda
2015-01-06,讚,,台北凱撒大飯店,Agoda
2015-01-05,地點方便,,台北凱撒大飯店,Agoda
2015-01-02,目前沒有,,台北凱撒大飯店,Agoda
2015-01-01,交通非常方便，鄰近購物點，房間稍為殘舊,,台北凱撒大飯店,Agoda
2015-01-01,交通方便，鄰近購物點，價格適中,,台北凱撒大飯店,Agoda
2014-12-31,交通方便,,台北凱撒大飯店,Agoda
2014-12-29,只有新裝修房間尚可,,台北凱撒大飯店,Agoda
2014-12-26,"接待,樓層打掃人員很親切.",10.0,台北凱撒大飯店,Agoda
2014-12-25,地點,,台北凱撒大飯店,Agoda
2014-12-24,"位置交通,服務人員",,台北凱撒大飯店,Agoda
2014-12-23,平日住宿人不多，地點方便，網上一訂飯店就能確認住宿,,台北凱撒大飯店,Agoda
2014-12-21,交通方便,,台北凱撒大飯店,Agoda
2014-12-17,離火車站近,,台北凱撒大飯店,Agoda
2014-12-13,ok,,台北凱撒大飯店,Agoda
2014-12-11,"地點適中,免費無線WiFi,安全門禁",,台北凱撒大飯店,Agoda
2014-12-11,地理位子便利,,台北凱撒大飯店,Agoda
2014-12-07,位置好,,台北凱撒大飯店,Agoda
2014-12-04,交通方便，逛街方便，吃飯方便,,台北凱撒大飯店,Agoda
2014-12-01,.,,台北凱撒大飯店,Agoda
2014-11-27,地理位置、服务、卫生间马桶带洁身器,,台北凱撒大飯店,Agoda
2014-11-23,地點完全方便，就在台北車站正對面，房間距離大馬路近卻不會有車聲，棒。,,台北凱撒大飯店,Agoda
2014-11-22,Location. Services . Clean,,台北凱撒大飯店,Agoda
2014-11-22,地點絕佳，離台北車站近，可由站內電梯抵達飯店，櫃台服務以及各人員服務都非常好,,台北凱撒大飯店,Agoda
2014-11-22,離台北車站近,,台北凱撒大飯店,Agoda
2014-11-15,位置 位置 位置,,台北凱撒大飯店,Agoda
2014-11-12,安靜，交通方便，生活機能佳,,台北凱撒大飯店,Agoda
2014-11-12,知名度高 日本商旅喜歡 訪客探視審查,,台北凱撒大飯店,Agoda
2014-11-11,交通便利,,台北凱撒大飯店,Agoda
2014-11-10,.,,台北凱撒大飯店,Agoda
2014-11-10,好地点。服务贴心殷勤。房间干净宽敞。,10.0,台北凱撒大飯店,Agoda
2014-11-07,交通方便 房間新 服務佳,,台北凱撒大飯店,Agoda
2014-11-06,服務好,10.0,台北凱撒大飯店,Agoda
2014-11-05,方便、乾淨、週邊吃的方便,,台北凱撒大飯店,Agoda
2014-11-04,方便，乾淨，服務好,,台北凱撒大飯店,Agoda
2014-10-31,Location friend,,台北凱撒大飯店,Agoda
2014-10-29,地點絕佳，舒適乾淨，服務良好,,台北凱撒大飯店,Agoda
2014-10-29,交通方便,,台北凱撒大飯店,Agoda
2014-10-28,隔音太差。交通方便。,,台北凱撒大飯店,Agoda
2014-10-27,"地點佳,環境優,服務棒",,台北凱撒大飯店,Agoda
2014-10-27,"位置優良交通便利,服務人員都很親切,即便退房也允許我們寄放行李的感覺非常好",,台北凱撒大飯店,Agoda
2014-10-25,房間清潔，價格合理,,台北凱撒大飯店,Agoda
2014-10-25,交通方便，火車站上面,,台北凱撒大飯店,Agoda
2014-10-18,飯店地點好， 不過房間太舊了,,台北凱撒大飯店,Agoda
2014-10-17,主動幫我們升級成大床 房間非常乾淨 公共設施很多 雖然沒來的及全部使用,,台北凱撒大飯店,Agoda
2014-10-17,離火車站非常的近就在對面而已，附近就有新光三越百貨，後面有補習街非常的熱鬧方便，房間也很乾淨舒適。,,台北凱撒大飯店,Agoda
2014-10-14,座落位置. 洗澡時熱水很快就來. 方便,,台北凱撒大飯店,Agoda
2014-10-14,地點方便,,台北凱撒大飯店,Agoda
2014-10-14,地點優,,台北凱撒大飯店,Agoda
2014-10-11,交通方便,,台北凱撒大飯店,Agoda
2014-10-08,交通便捷、價位合理、房間舒適,,台北凱撒大飯店,Agoda
2014-10-07,服務人員水準很高 服務也很親切 附近逛街吃東西很方便,,台北凱撒大飯店,Agoda
2014-09-25,服務人員專業且親切，地點無論交通或吃飯都極為方便，環境整潔。,,台北凱撒大飯店,Agoda
2014-09-23,位置很好，服務人員很親切,,台北凱撒大飯店,Agoda
2014-09-22,1. 交通方便 2. 購物方便 3. 餐廳選擇多,,台北凱撒大飯店,Agoda
2014-09-22,1. 觀光佳 2. 交通佳 3. 購物方便,,台北凱撒大飯店,Agoda
2014-09-21,交通便利、地點絕佳、整潔舒適,,台北凱撒大飯店,Agoda
2014-09-20,位置佳，員工親切，房間乾淨,,台北凱撒大飯店,Agoda
2014-09-16,地點好,,台北凱撒大飯店,Agoda
2014-09-15,1.최고의 위치 2.직원들의 친절함 3.청결,,台北凱撒大飯店,Agoda
2014-09-12,交通位置方便 飯店內設施應有盡有 客房舒適,,台北凱撒大飯店,Agoda
2014-09-10,離高鐵站進,,台北凱撒大飯店,Agoda
2014-09-10,服務良好，地點方便，周遭安靜,,台北凱撒大飯店,Agoda
2014-09-08,飯店位置級佳,,台北凱撒大飯店,Agoda
2014-09-07,位置很方便,,台北凱撒大飯店,Agoda
2014-09-05,地點，近捷運，價格適中,,台北凱撒大飯店,Agoda
2014-09-04,交通方便,,台北凱撒大飯店,Agoda
2014-09-02,服務人員誠懇熱心有禮貌 主動關懷體貼入微 素雅整潔有品味,,台北凱撒大飯店,Agoda
2014-09-02,交通方便,,台北凱撒大飯店,Agoda
2014-09-01,"只是距離車站近,地下街連接美食街",,台北凱撒大飯店,Agoda
2014-08-28,"交通非常方便,附近食店很多,",,台北凱撒大飯店,Agoda
2014-08-26,1.服務人員非常的熱情接待，始終微笑面對 2. 交通非常方便不管是火車高鐵或是地鐵都很方便 2.旁邊就是百貨公司逛街購物很方便,,台北凱撒大飯店,Agoda
2014-08-26,便利,,台北凱撒大飯店,Agoda
2014-08-25,地點優,,台北凱撒大飯店,Agoda
2014-08-24,乾淨舒適,,台北凱撒大飯店,Agoda
2014-08-21,客房服務迅速，要求多一套浴室用品，五分鐘內送到。大堂人員親切幫忙提行李送上車，也是no tips service。在火車站前，交通，用餐，購物都方便。,,台北凱撒大飯店,Agoda
2014-08-16,乘車不方便，房間感覺隔音不理想有點吵,,台北凱撒大飯店,Agoda
2014-08-16,交通方便,,台北凱撒大飯店,Agoda
2014-08-13,公共交通極為便利,,台北凱撒大飯店,Agoda
2014-08-10,交通和飲食方便,,台北凱撒大飯店,Agoda
2014-08-07,服務佳.再升級房型,,台北凱撒大飯店,Agoda
2014-08-07,交通便利.住房升級.舒適乾淨,,台北凱撒大飯店,Agoda
2014-08-07,服務佳 性價比佳 交通方扁,,台北凱撒大飯店,Agoda
2014-08-06,幫朋友訂的,,台北凱撒大飯店,Agoda
2014-08-05,交通方便,,台北凱撒大飯店,Agoda
2014-08-05,交通便利,,台北凱撒大飯店,Agoda
2014-08-01,"交通位置方便, 熱心服務",,台北凱撒大飯店,Agoda
2014-07-31,友善，方便，舒適。,,台北凱撒大飯店,Agoda
2014-07-31,交通方便,,台北凱撒大飯店,Agoda
2014-07-28,位置，位置，還是位置！,,台北凱撒大飯店,Agoda
2014-07-28,交通方便 樓下就有美食街 吃東西也很方便 房間很舒適,,台北凱撒大飯店,Agoda
2014-07-27,1. 離台北車站很近；2. 離捷運站近；3. 離公車站近。,,台北凱撒大飯店,Agoda
2014-07-26,ok,,台北凱撒大飯店,Agoda
2014-07-26,"自動升等, 寄放行李, 服務親切",,台北凱撒大飯店,Agoda
2014-07-18,交通便利，市中心，工作人員友善,,台北凱撒大飯店,Agoda
2014-07-14,無線上網、安靜不吵、飲食方便,,台北凱撒大飯店,Agoda
2014-07-09,不像其他國家的5星級酒店，如在外國，頂多只是3級酒店,,台北凱撒大飯店,Agoda
2014-07-08,方便,,台北凱撒大飯店,Agoda
2014-07-08,交通方便,10.0,台北凱撒大飯店,Agoda
2014-07-05,位置佳，服務好，,,台北凱撒大飯店,Agoda
2014-07-04,地點乘搭捷運較方便,,台北凱撒大飯店,Agoda
2014-06-30,交通便利，服務員態度十分親切，房間整潔舒適,,台北凱撒大飯店,Agoda
2014-06-30,"交通方便,服務親切,尚屬安靜",,台北凱撒大飯店,Agoda
2014-06-26,床很舒服，馬克杯很漂亮，工作人員態度佳!,,台北凱撒大飯店,Agoda
2014-06-22,地點方便，台北捷運站有出口直上飯店樓層。交通方便，集高鐵，台鐵，捷運於一點。下雨天不用帶傘，直接到地下街都很多店舖逛，連接微風廣場又多食肆,,台北凱撒大飯店,Agoda
2014-06-21,交通最方便,,台北凱撒大飯店,Agoda
2014-06-17,飯店位置不錯,,台北凱撒大飯店,Agoda
2014-06-16,交通方便 近購物區 員工親切及服務好,,台北凱撒大飯店,Agoda
2014-06-13,交通方便沒話說的啦,,台北凱撒大飯店,Agoda
2014-06-10,交通便利鄰近台北車站,,台北凱撒大飯店,Agoda
2014-06-05,服務人員非常有禮，耐心解答所有問題！超讚！,,台北凱撒大飯店,Agoda
2014-05-27,價格合理 交通便捷 服務良好,,台北凱撒大飯店,Agoda
2014-05-25,交通方便,,台北凱撒大飯店,Agoda
2014-05-23,交通，環境，乾淨,,台北凱撒大飯店,Agoda
2014-05-23,Check in & out 都很快捷 房間新和舒服 地點交通方便,,台北凱撒大飯店,Agoda
2014-05-11,位置方便，房間大，員工細心有禮。,,台北凱撒大飯店,Agoda
2014-05-08,服務人員態度友善，很不錯。,,台北凱撒大飯店,Agoda
2014-04-27,交通方便,,台北凱撒大飯店,Agoda
2014-04-23,鐵公路與捷運中心。住宿很舒服。服務很用心。,,台北凱撒大飯店,Agoda
2014-04-20,位置方便,,台北凱撒大飯店,Agoda
2014-04-17,火車站可以透過地下道直達酒店,,台北凱撒大飯店,Agoda
2014-04-08,近車站,,台北凱撒大飯店,Agoda
2014-04-08,位於火車站附近相當便利,,台北凱撒大飯店,Agoda
2014-04-06,臨近車站，週邊餐飲商店眾多，房價合理,,台北凱撒大飯店,Agoda
2014-04-03,地點適中、交通方便、 服務友善,,台北凱撒大飯店,Agoda
2014-04-01,無法評論,,台北凱撒大飯店,Agoda
2014-03-31,酒店的服務，乾淨的房間等。,,台北凱撒大飯店,Agoda
2014-03-29,飯店位置、wifi、交通便利,,台北凱撒大飯店,Agoda
2014-03-18,交通便利,,台北凱撒大飯店,Agoda
2014-03-18,乾淨 熱心 地點佳,,台北凱撒大飯店,Agoda
2014-03-10,房間乾淨、飯店位於鬧區卻很安靜、公共運輸便捷,,台北凱撒大飯店,Agoda
2014-03-09,房間寬大，交通方便，服務一流,,台北凱撒大飯店,Agoda
2014-02-24,房間乾淨寬敞、交通便利通暢、緊鄰商圈飯館,,台北凱撒大飯店,Agoda
2014-02-24,緊離捷運出口、靠近商圈及飯館、交通便利,,台北凱撒大飯店,Agoda
2014-02-23,"1.交通位置優越,且不須春風林雨2.鄰近重要觀光景點,往來便利,3.附近生活機能佳,洽公往來便利",,台北凱撒大飯店,Agoda
2014-02-18,方便,,台北凱撒大飯店,Agoda
2014-02-13,地理位置非常便利，當逛累了就能以捷運十分有效地回到飯店。飯店人員很親切，出乎我的意料之外。,,台北凱撒大飯店,Agoda
2014-02-12,近台北火車站、方便、有網路,,台北凱撒大飯店,Agoda
2014-02-12,地點，服務，停車,,台北凱撒大飯店,Agoda
2014-02-09,交通方便! 購物飲食方便! 服務態度親切!,,台北凱撒大飯店,Agoda
2014-02-09,交通位置佳! 購物飲食皆方便! 服務態度親切!,,台北凱撒大飯店,Agoda
2014-02-06,ok,,台北凱撒大飯店,Agoda
2014-02-03,房間舒適、交通非常方便、工作人員友善,,台北凱撒大飯店,Agoda
2014-02-02,交通方便、客房清潔,,台北凱撒大飯店,Agoda
2014-01-22,方便,,台北凱撒大飯店,Agoda
2014-01-20,交通便利/地理位置佳/週圍生活功能便利,,台北凱撒大飯店,Agoda
2014-01-08,地點便利 飯店整潔乾淨 人員服務態度佳,,台北凱撒大飯店,Agoda
2014-01-06,清潔 舒適 人員服務好,,台北凱撒大飯店,Agoda
2014-01-04,"交通方便,逛街OK",,台北凱撒大飯店,Agoda
2014-01-02,位置極佳，飯店地下室就是捷運站出口，交通非常方便。,,台北凱撒大飯店,Agoda
2013-12-31,交通方便，價位合理，整體上算整潔,,台北凱撒大飯店,Agoda
2013-12-28,服務親切！交通便利！,,台北凱撒大飯店,Agoda
2013-12-22,服務,,台北凱撒大飯店,Agoda
2013-12-12,交通便利 可直通火車站高鐵站和捷運~ 便宜C/P值高~ 床很好睡,,台北凱撒大飯店,Agoda
2013-12-11,交通超便利，房間整潔，臨近地下街,,台北凱撒大飯店,Agoda
2013-12-05,交通方便,,台北凱撒大飯店,Agoda
2013-12-04,位於市中心很方便,,台北凱撒大飯店,Agoda
2013-12-02,很棒的健身房、多種餐廳選擇、到機場的接駁車,,台北凱撒大飯店,Agoda
2013-11-22,交通方便。服務親切。房間乾淨摩登。,,台北凱撒大飯店,Agoda
2013-11-20,"位置優越, 房間乾淨清潔, 接待人員親切",,台北凱撒大飯店,Agoda
2013-11-17,"乾淨, 服務親切, 滿意",,台北凱撒大飯店,Agoda
2013-11-15,交通／購物／餐廳都很方便,,台北凱撒大飯店,Agoda
2013-11-12,"住的還不錯,没有三溫暖.没有游泳池",,台北凱撒大飯店,Agoda
2013-11-12,夜市很棒,,台北凱撒大飯店,Agoda
2013-11-12,服务态度 好、地理位置优越、房间干净,,台北凱撒大飯店,Agoda
2013-11-09,交通便捷，購物方便，餐飲選擇多樣,,台北凱撒大飯店,Agoda
2013-11-07,交通，小吃，購物近。,,台北凱撒大飯店,Agoda
2013-11-06,購物便利 鄰近車站 便宜,,台北凱撒大飯店,Agoda
2013-11-02,交通，服務，管理。,,台北凱撒大飯店,Agoda
2013-10-31,交通方便附近有美食,,台北凱撒大飯店,Agoda
2013-10-31,乾淨，整潔，服務好,,台北凱撒大飯店,Agoda
2013-10-23,位置很好，服務周到，房間舒適,,台北凱撒大飯店,Agoda
2013-10-22,"1: 交通方便, 2: 購物方便, 3: 價錢合宜.",,台北凱撒大飯店,Agoda
2013-10-17,交通便利/飲食方便/購物觀光都很棒.,,台北凱撒大飯店,Agoda
2013-10-17,交通極便利，服務人員親切，房間舒適,,台北凱撒大飯店,Agoda
2013-10-15,地點便利,,台北凱撒大飯店,Agoda
2013-10-15,交通方便,,台北凱撒大飯店,Agoda
2013-10-13,"交通方便, 服務親切, 房間舒適",,台北凱撒大飯店,Agoda
2013-10-13,交通方便,,台北凱撒大飯店,Agoda
2013-09-29,服務好 地點優 交通方便,,台北凱撒大飯店,Agoda
2013-09-21,"交通便利,安靜,舒適",,台北凱撒大飯店,Agoda
2013-03-10,交通便利、位置優越,,台北凱撒大飯店,Agoda
2013-03-09,位置近車站，服務佳,,台北凱撒大飯店,Agoda
2013-02-26,交通便利,,台北凱撒大飯店,Agoda
2013-02-25,位置好,,台北凱撒大飯店,Agoda
2013-02-23,地點方便,,台北凱撒大飯店,Agoda
2013-02-22,清潔明亮、服務佳、附近餐飲方便,,台北凱撒大飯店,Agoda
2013-02-20,交通方便,,台北凱撒大飯店,Agoda
2013-02-19,服務好一點,,台北凱撒大飯店,Agoda
2013-02-16,地理位置非常美，出行非常方便,,台北凱撒大飯店,Agoda
2013-02-16,離火車站很近,,台北凱撒大飯店,Agoda
2013-02-13,打開行李箱竟然發現筆電螢幕龜裂心情大壞,,台北凱撒大飯店,Agoda
2013-01-31,位置優越,,台北凱撒大飯店,Agoda
2013-01-24,房間布置簡單舒適，地點便利,,台北凱撒大飯店,Agoda
2013-01-24,"位置優越,服務態度好",,台北凱撒大飯店,Agoda
2013-01-24,交通方便,,台北凱撒大飯店,Agoda
2013-01-18,good,,台北凱撒大飯店,Agoda
2013-01-02,"就在火車站對面,新裝潢房間很棒",,台北凱撒大飯店,Agoda
2012-12-13,台北車站直通免淋雨，鄰近新光百貨購物也很方便,,台北凱撒大飯店,Agoda
2012-11-23,位置好 離捷運高鐵都近,,台北凱撒大飯店,Agoda
2012-11-07,飯店地點很好,,台北凱撒大飯店,Agoda
2012-10-09,"第一晚check-in時,櫃檯人員告知幫我們升等了房間,但一進房後,整個傻眼,房間非常小又老舊,位於6樓的最邊邊,電視是壞的,窗外是大樓天井,有一個超大的大樓冷氣出風口,一整晚,嗡嗡的冷氣噪音讓我們失眠了. 隔天,跟櫃檯人員反應後,幫我們換了在16樓的房間,這個房間比原來的房間大了很多,電視沒壞,窗外可看見天空及馬路,但浴室很舊,有股令人很不舒服的味道,浴缸的膠條都發霉了,水龍頭明顯的水漬及經年沒清乾淨的老舊痕跡,令人很不舒服. 住在這樣的房間,真的令人無法享受難得的假期.",,台北凱撒大飯店,Agoda
